playerId,name,tmPlayerId,tmUrl,hasValidTmIdentity,clubName,tmClubId,competitionName,competitionTmId,mainPosition,positionGroup,secondaryPositions,rolePresent,preferredFoot,footPresent,portraitUrl,photoPresent,performanceCount,current2026Uz1PerformancePresent,performanceLastSyncedAt,sportingPresent,contractExpires,contractOption,contractPresent,teamPresent,birthDate,age,agePresent,profileLastSyncedAt,preferredFootSyncedAt,profileEverSynced,coverageCount,coveragePct,missingFields,coverageBucket
"cmtr8zqmh000tv7yn2df2t85t","Abbos Gulomov","650354","https://www.transfermarkt.com/abbos-gulomov/profil/spieler/650354","true","Nasaf Qarshi","20591","Uzbekistan Super League","UZ1","Attack - Right Winger","WINGER","[""Left Winger"",""Attacking Midfield""]","true","LEFT","true","https://img.a.transfermarkt.technology/portrait/header/650354-1745324838.png?lm=4711","true","0","false","","false","2026-12-31T00:00:00.000Z","","true","true","1998-07-05T00:00:00.000Z","28","true","2026-09-08T13:45:15.938Z","2026-09-08T13:45:16.403Z","true","5","83.3","SPORTING","C"
"cmtr8zr4r008iv7ynctvg49eh","Abbos Otakhonov","318061","https://www.transfermarkt.com/abbos-otakhonov/profil/spieler/318061","true","Xorazm FС","38976","Uzbekistan Super League","UZ1","Defender - Centre-Back","CB","[""Right-Back""]","true","RIGHT","true","https://img.a.transfermarkt.technology/portrait/header/318061-1777790159.png?lm=4711","true","0","false","","false","2027-12-31T00:00:00.000Z","","true","true","1995-08-25T00:00:00.000Z","31","true","2026-09-09T01:52:01.519Z","2026-09-09T01:52:01.611Z","true","5","83.3","SPORTING","C"
"cmtr8zqye005cv7ynqofzje2e","Abbosbek Abdugafforov","1409429","https://www.transfermarkt.com/abbosbek-abdugafforov/profil/spieler/1409429","true","Qizilqum","20115","Uzbekistan Super League","UZ1","","UNKNOWN","","false","UNKNOWN","false","","false","1","true","2026-09-07T19:19:18.058Z","true","","","false","true","","","false","","","false","2","33.3","ROLE|FOOT|PHOTO|CONTRACT","A"
"cmtr8zqpe001gv7yn4g7s3cbt","Abdugafur Khaydarov","1030001","https://www.transfermarkt.com/abdugafur-khaydarov/profil/spieler/1030001","true","Dinamo","15300","Uzbekistan Super League","UZ1","Attack - Centre-Forward","ST","[""Left Winger"",""Right Winger""]","true","LEFT","true","https://img.a.transfermarkt.technology/portrait/header/1030001-1745337686.png?lm=4711","true","3","true","2026-09-07T18:55:57.248Z","true","2026-12-31T00:00:00.000Z","","true","true","2005-02-16T00:00:00.000Z","21","true","2026-09-08T13:48:21.127Z","2026-09-08T13:48:21.313Z","true","6","100.0","","D"
"cmtr8zqrh0020v7ynlgnw2ilu","Abdulakhadjon Khoshimov","1257476","https://www.transfermarkt.com/abdulakhadjon-khoshimov/profil/spieler/1257476","true","Dinamo","15300","Uzbekistan Super League","UZ1","Midfield - Right Midfield","WINGER","[""Left Midfield""]","true","UNKNOWN","false","https://img.a.transfermarkt.technology/portrait/header/1257476-1745339641.png?lm=4711","true","2","true","2026-09-07T19:07:29.421Z","true","2026-11-30T00:00:00.000Z","","true","true","2006-01-14T00:00:00.000Z","20","true","2026-09-08T13:50:43.094Z","2026-09-08T13:50:43.178Z","true","5","83.3","FOOT","C"
"cmtr8zqwx004hv7ynj99iex1o","Abdulazizkhon Abdurashidov","846418","https://www.transfermarkt.com/abdulazizkhon-abdurashidov/profil/spieler/846418","true","Sogdiana","35157","Uzbekistan Super League","UZ1","Attack - Right Winger","WINGER","[""Right-Back"",""Left Winger""]","true","RIGHT","true","https://img.a.transfermarkt.technology/portrait/header/846418-1726738613.png?lm=4711","true","0","false","","false","2026-12-31T00:00:00.000Z","","true","true","2000-07-10T00:00:00.000Z","26","true","2026-09-09T01:52:07.051Z","2026-09-09T01:52:07.143Z","true","5","83.3","SPORTING","C"
"cmtr8zqti002qv7ynuygdrz4w","Abdulkodir Mirfayziev","1546836","https://www.transfermarkt.com/abdulkodir-mirfayziev/profil/spieler/1546836","true","Bunyodkor","19401","Uzbekistan Super League","UZ1","Midfield - Central Midfield","UNKNOWN","","true","UNKNOWN","false","","false","1","true","2026-09-07T19:20:53.893Z","true","","","false","true","2008-08-12T00:00:00.000Z","","true","","","false","3","50.0","FOOT|PHOTO|CONTRACT","A"
"cmtqan49t00145ryn9wgf6h5h","Abdulla Abdullaev","570272","https://www.transfermarkt.com/abdulla-abdullaev/profil/spieler/570272","true","Neftchi","13306","Uzbekistan Super League","UZ1","Midfield - Defensive Midfield","DM","[""Centre-Back"",""Central Midfield""]","true","RIGHT","true","https://img.a.transfermarkt.technology/portrait/header/570272-1745332711.png?lm=4711","true","0","false","","false","2026-12-31T00:00:00.000Z","","true","true","1997-09-01T00:00:00.000Z","29","true","2026-09-08T13:40:05.767Z","2026-09-08T13:40:05.832Z","true","5","83.3","SPORTING","C"
"cmtr8zr7t00a8v7yn97xh25zd","Abdullokh Yuldashev","1007109","https://www.transfermarkt.com/abdullokh-yuldashev/profil/spieler/1007109","true","Loko Tashkent","15309","Uzbekistan Super League","UZ1","","UNKNOWN","","false","UNKNOWN","false","","false","2","true","2026-09-07T18:55:46.618Z","true","","","false","true","","","false","","","false","2","33.3","ROLE|FOOT|PHOTO|CONTRACT","A"
"cmtr8zqsb002dv7yn1xp8n0fq","Abdumavlon Abdujalilov","189618","https://www.transfermarkt.com/abdumavlon-abdujalilov/profil/spieler/189618","true","Bunyodkor","19401","Uzbekistan Super League","UZ1","Goalkeeper","GK","","true","RIGHT","true","","false","1","true","2026-09-07T19:21:33.876Z","true","2026-12-31T00:00:00.000Z","","true","true","1994-12-22T00:00:00.000Z","","true","","","false","5","83.3","PHOTO","C"
"cmtr8zr0w006tv7ynaxa1ytfn","Abdurakhmon Komilov","914670","https://www.transfermarkt.com/abdurakhmon-komilov/profil/spieler/914670","true","FC Andijon","20099","Uzbekistan Super League","UZ1","Midfield - Central Midfield","CM","[""Right-Back"",""Left-Back""]","true","RIGHT","true","https://img.a.transfermarkt.technology/portrait/header/914670-1745399305.png?lm=4711","true","0","false","","false","2026-12-31T00:00:00.000Z","","true","true","1997-12-24T00:00:00.000Z","28","true","2026-09-09T01:52:11.739Z","2026-09-09T01:52:11.838Z","true","5","83.3","SPORTING","C"
"cmtr8zqkm000av7yncwe1rtcn","Abdurauf Buriev","743864","https://www.transfermarkt.com/abdurauf-buriev/profil/spieler/743864","true","Pakhtakor Tashkent","3718","Uzbekistan Super League","UZ1","Midfield - Defensive Midfield","DM","[""Left-Back""]","true","RIGHT","true","https://img.a.transfermarkt.technology/portrait/header/743864-1745332865.png?lm=4711","true","0","false","","false","2026-12-31T00:00:00.000Z","","true","true","2002-07-20T00:00:00.000Z","24","true","2026-09-08T13:42:50.746Z","2026-09-08T13:42:50.954Z","true","5","83.3","SPORTING","C"
"cmtr8zr0m006nv7yn7415uxg0","Abduvokhid Gulomov","659912","https://www.transfermarkt.com/abduvokhid-gulomov/profil/spieler/659912","true","FC Andijon","20099","Uzbekistan Super League","UZ1","Defender - Right-Back","FB","[""Left-Back"",""Right Midfield""]","true","RIGHT","true","https://img.a.transfermarkt.technology/portrait/header/659912-1745398493.png?lm=4711","true","0","false","","false","2026-12-31T00:00:00.000Z","","true","true","1999-05-27T00:00:00.000Z","27","true","2026-09-09T01:52:18.025Z","2026-09-09T01:52:18.114Z","true","5","83.3","SPORTING","C"
"cmtr8zqll000lv7yntin2ptx5","Abduvokhid Nematov","527866","https://www.transfermarkt.com/abduvokhid-nematov/profil/spieler/527866","true","Nasaf Qarshi","20591","Uzbekistan Super League","UZ1","Goalkeeper","GK","","true","RIGHT","true","https://img.a.transfermarkt.technology/portrait/header/527866-1743416641.png?lm=4711","true","0","false","","false","2026-12-31T00:00:00.000Z","","true","true","2001-03-20T00:00:00.000Z","25","true","2026-09-08T13:44:10.712Z","2026-09-08T13:44:11.147Z","true","5","83.3","SPORTING","C"
"cmtr8zqu50030v7ynqemcqvya","Abror Karimov","1061552","https://www.transfermarkt.com/abror-karimov/profil/spieler/1061552","true","Olmaliq","31216","Uzbekistan Super League","UZ1","Defender - Right-Back","UNKNOWN","[""Right Midfield"",""Centre-Back""]","true","UNKNOWN","false","","false","2","true","2026-09-07T18:56:35.115Z","true","2027-12-31T00:00:00.000Z","","true","true","2004-08-14T00:00:00.000Z","","true","","","false","4","66.7","FOOT|PHOTO","C"
"cmtr8zr5v0092v7ynsoz1wjrt","Abror Khusinov","494104","https://www.transfermarkt.com/abror-khusinov/profil/spieler/494104","true","Xorazm FС","38976","Uzbekistan Super League","UZ1","Defender - Left-Back","FB","[""Right-Back"",""Centre-Back""]","true","LEFT","true","https://img.a.transfermarkt.technology/portrait/header/494104-1745495946.png?lm=4711","true","0","false","","false","2026-12-05T00:00:00.000Z","","true","true","1990-11-26T00:00:00.000Z","35","true","2026-09-09T01:52:22.658Z","2026-09-09T01:52:22.757Z","true","5","83.3","SPORTING","C"
"cmtr8zquz003ev7yny9buegcm","Abror Sarimsakov","930076","https://www.transfermarkt.com/abror-sarimsakov/profil/spieler/930076","true","Olmaliq","31216","Uzbekistan Super League","UZ1","Midfield - Defensive Midfield","UNKNOWN","","true","UNKNOWN","false","","false","0","false","","false","2028-12-31T00:00:00.000Z","","true","true","2002-11-24T00:00:00.000Z","","true","","","false","3","50.0","FOOT|PHOTO|SPORTING","A"
"cmtqan494000m5ryn6qcevkt0","Abrorbek Ismoilov","500289","https://www.transfermarkt.com/abrorbek-ismoilov/profil/spieler/500289","true","Neftchi","13306","Uzbekistan Super League","UZ1","Midfield - Central Midfield","MF","[""Right Winger""]","true","RIGHT","true","","false","2","true","2026-09-06T20:58:44.248Z","true","2026-12-31T00:00:00.000Z","","true","true","1998-01-08T00:00:00.000Z","28","true","2026-09-06T20:58:28.242Z","","true","5","83.3","PHOTO","C"
"cmtr8zr8400adv7yn8gyu79tk","Abrorjon Aliev","1133384","https://www.transfermarkt.com/abrorjon-aliev/profil/spieler/1133384","true","Loko Tashkent","15309","Uzbekistan Super League","UZ1","Midfield - Defensive Midfield","DM","[""Right-Back""]","true","RIGHT","true","https://img.a.transfermarkt.technology/portrait/header/1133384-1777791432.png?lm=4711","true","0","false","2026-09-07T19:05:09.419Z","false","2026-12-31T00:00:00.000Z","","true","true","2004-08-28T00:00:00.000Z","22","true","2026-09-09T01:52:27.247Z","2026-09-09T01:52:27.343Z","true","5","83.3","SPORTING","C"
"cmtr8zqli000kv7ynzegfdvjy","Abubakir Shukurullaev","1304081","https://www.transfermarkt.com/abubakir-shukurullaev/profil/spieler/1304081","true","Pakhtakor Tashkent","3718","Uzbekistan Super League","UZ1","Midfield - Attacking Midfield","AM","[""Central Midfield"",""Second Striker""]","true","UNKNOWN","false","https://img.a.transfermarkt.technology/portrait/header/1304081-1745428416.png?lm=4711","true","2","true","2026-09-07T19:08:08.524Z","true","","","false","true","2008-02-02T00:00:00.000Z","18","true","2026-09-08T13:44:03.285Z","2026-09-08T13:44:03.884Z","true","4","66.7","FOOT|CONTRACT","C"
"cmtr8zqut003bv7yn21jsvwju","Abubakrrizo Turdialiev","756949","https://www.transfermarkt.com/abubakrrizo-turdialiev/profil/spieler/756949","true","Olmaliq","31216","Uzbekistan Super League","UZ1","Midfield - Defensive Midfield","MF","[""Centre-Back"",""Left-Back""]","true","RIGHT","true","","false","0","false","","false","2026-12-31T00:00:00.000Z","","true","true","2001-02-04T00:00:00.000Z","","true","","","false","4","66.7","PHOTO|SPORTING","C"
"cmtr8zqte002ov7ynuqlmrah1","Abulfayz Bobomurodov","1458224","https://www.transfermarkt.com/abulfayz-bobomurodov/profil/spieler/1458224","true","Bunyodkor","19401","Uzbekistan Super League","UZ1","Midfield - Central Midfield","UNKNOWN","[""Defensive Midfield"",""Attacking Midfield""]","true","UNKNOWN","false","","false","1","true","2026-09-07T19:19:56.226Z","true","2027-12-31T00:00:00.000Z","","true","true","2007-12-17T00:00:00.000Z","","true","","","false","4","66.7","FOOT|PHOTO","C"
"cmtr8zqmy000wv7ynzqksj1bw","Adenis Shala","513570","https://www.transfermarkt.com/adenis-shala/profil/spieler/513570","true","Nasaf Qarshi","20591","Uzbekistan Super League","UZ1","Attack - Left Winger","WINGER","[""Right Winger"",""Attacking Midfield""]","true","RIGHT","true","https://img.a.transfermarkt.technology/portrait/header/513570-1761493815.png?lm=4711","true","0","false","","false","2026-12-31T00:00:00.000Z","","true","true","1998-10-23T00:00:00.000Z","27","true","2026-09-08T13:45:53.671Z","2026-09-08T13:45:53.724Z","true","5","83.3","SPORTING","C"
"cmtr8zqrd001zv7ynv20hbxuy","Akbar Khudoyberdiev","1257473","https://www.transfermarkt.com/akbar-khudoyberdiev/profil/spieler/1257473","true","Dinamo","15300","Uzbekistan Super League","UZ1","Midfield - Central Midfield","CM","[""Defensive Midfield""]","true","RIGHT","true","https://img.a.transfermarkt.technology/portrait/header/default.jpg?lm=4711","true","2","true","2026-09-07T19:07:23.268Z","true","2026-12-31T00:00:00.000Z","","true","true","2006-11-27T00:00:00.000Z","19","true","2026-09-08T13:50:35.775Z","2026-09-08T13:50:35.835Z","true","6","100.0","","D"
"cmtqan4ak001s5rynd44oj9kz","Akbar Turaev","185373","https://www.transfermarkt.com/akbar-turaev/profil/spieler/185373","true","Neftchi","13306","Uzbekistan Super League","UZ1","Goalkeeper","GK","","true","RIGHT","true","https://img.a.transfermarkt.technology/portrait/header/185373-1726388929.png?lm=4711","true","1","true","2026-09-07T19:21:18.896Z","true","2026-12-31T00:00:00.000Z","","true","true","1989-08-27T00:00:00.000Z","37","true","2026-09-08T13:41:24.834Z","2026-09-08T13:41:25.022Z","true","6","100.0","","D"
"cmtr8zqu80031v7yn121zxy50","Akhmadullo Mukimzhonov","1005528","https://www.transfermarkt.com/akhmadullo-mukimzhonov/profil/spieler/1005528","true","Olmaliq","31216","Uzbekistan Super League","UZ1","Defender - Left-Back","UNKNOWN","[""Centre-Back"",""Left Midfield""]","true","LEFT","true","","false","2","true","2026-09-07T18:55:36.381Z","true","","","false","true","2002-05-20T00:00:00.000Z","","true","","","false","4","66.7","PHOTO|CONTRACT","C"
"cmtr8zr8c00aiv7ynuu5fglzf","Akhmadzhon Anvarov","1000889","https://www.transfermarkt.com/akhmadzhon-anvarov/profil/spieler/1000889","true","Loko Tashkent","15309","Uzbekistan Super League","UZ1","Defender - Centre-Back","CB","[""Left-Back"",""Right-Back""]","true","UNKNOWN","false","https://img.a.transfermarkt.technology/portrait/header/1000889-1692111924.png?lm=4711","true","0","false","2026-09-07T19:04:55.529Z","false","2026-12-31T00:00:00.000Z","","true","true","2002-10-24T00:00:00.000Z","23","true","2026-09-09T01:52:31.906Z","2026-09-09T01:52:32.001Z","true","4","66.7","FOOT|SPORTING","C"
"cmtr8zr4l008ev7ynwx5azenv","Akhrorbek Rakhimov","1546838","https://www.transfermarkt.com/akhrorbek-rakhimov/profil/spieler/1546838","true","Mash'al","13649","Uzbekistan Super League","UZ1","","UNKNOWN","","false","UNKNOWN","false","","false","1","true","2026-09-07T19:20:58.936Z","true","","","false","true","","","false","","","false","2","33.3","ROLE|FOOT|PHOTO|CONTRACT","A"
"cmtr8zqjw0000v7yn1ltnglh6","Akmal Mozgovoy","562022","https://www.transfermarkt.com/akmal-mozgovoy/profil/spieler/562022","true","Pakhtakor Tashkent","3718","Uzbekistan Super League","UZ1","Midfield - Central Midfield","CM","[""Defensive Midfield"",""Attacking Midfield""]","true","RIGHT","true","https://img.a.transfermarkt.technology/portrait/header/562022-1743417096.png?lm=4711","true","0","false","","false","2027-12-31T00:00:00.000Z","","true","true","1999-04-02T00:00:00.000Z","27","true","2026-09-08T13:41:48.884Z","2026-09-08T13:41:49.323Z","true","5","83.3","SPORTING","C"
"cmtr8zqyc005bv7ynd1xgp4au","Akmal Muzaffarov","1150915","https://www.transfermarkt.com/akmal-muzaffarov/profil/spieler/1150915","true","Qizilqum","20115","Uzbekistan Super League","UZ1","","UNKNOWN","","false","UNKNOWN","false","","false","2","true","2026-09-07T19:05:43.383Z","true","","","false","true","","","false","","","false","2","33.3","ROLE|FOOT|PHOTO|CONTRACT","A"
"cmtr8zqng0010v7ynrfreudz7","Akramzhon Komilov","288933","https://www.transfermarkt.com/akramzhon-komilov/profil/spieler/288933","true","Nasaf Qarshi","20591","Uzbekistan Super League","UZ1","Defender - Left-Back","FB","[""Left Midfield"",""Right-Back""]","true","LEFT","true","https://img.a.transfermarkt.technology/portrait/header/288933-1726298169.png?lm=4711","true","0","false","","false","2026-12-31T00:00:00.000Z","","true","true","1996-03-14T00:00:00.000Z","30","true","2026-09-08T23:25:17.879Z","2026-09-08T13:46:24.672Z","true","5","83.3","SPORTING","C"
"cmtr8zr7e009zv7yn5moeumuc","Aleksandar Susnjar","206836","https://www.transfermarkt.com/aleksandar-susnjar/profil/spieler/206836","true","Loko Tashkent","15309","Uzbekistan Super League","UZ1","Centre-Back","DF","","true","UNKNOWN","false","","false","1","true","2026-09-07T19:22:11.650Z","true","2026-12-31T00:00:00.000Z","","true","true","1995-08-19T00:00:00.000Z","","true","","","false","4","66.7","FOOT|PHOTO","C"
"cmtr8zqsk002gv7yn71gzvro2","Aleksandr Zevadinov","1061551","https://www.transfermarkt.com/aleksandr-zevadinov/profil/spieler/1061551","true","Bunyodkor","19401","Uzbekistan Super League","UZ1","Defender - Centre-Back","UNKNOWN","","true","UNKNOWN","false","","false","0","false","2026-09-07T19:05:00.837Z","false","","","false","true","2004-03-28T00:00:00.000Z","","true","","","false","2","33.3","FOOT|PHOTO|SPORTING|CONTRACT","A"
"cmtr8zr03006cv7ynbgrxkaxf","Aleksandre Andronikashvili","427569","https://www.transfermarkt.com/aleksandre-andronikashvili/profil/spieler/427569","true","FC Andijon","20099","Uzbekistan Super League","UZ1","Midfield - Defensive Midfield","DM","[""Centre-Back""]","true","RIGHT","true","https://img.a.transfermarkt.technology/portrait/header/427569-1777789430.png?lm=4711","true","0","false","","false","2026-12-31T00:00:00.000Z","","true","true","1999-04-09T00:00:00.000Z","27","true","2026-09-09T01:52:37.849Z","2026-09-09T01:52:37.934Z","true","5","83.3","SPORTING","C"
"cmtr8zr7h00a1v7yn3ble6ycu","Aleksey Kozlov","425052","https://www.transfermarkt.com/aleksey-kozlov/profil/spieler/425052","true","Loko Tashkent","15309","Uzbekistan Super League","UZ1","Goalkeeper","GK","","true","UNKNOWN","false","","false","0","false","","false","2026-12-31T00:00:00.000Z","","true","true","","","false","","","false","3","50.0","FOOT|PHOTO|SPORTING","A"
"cmtr8zqvo003qv7yn2v49he47","Alex Fernandes","983977","https://www.transfermarkt.com/alex-fernandes/profil/spieler/983977","true","Navbahor","15310","Uzbekistan Super League","UZ1","Attack - Right Winger","UNKNOWN","[""Left Winger"",""Attacking Midfield""]","true","LEFT","true","","false","0","false","","false","2026-12-31T00:00:00.000Z","","true","true","2002-06-03T00:00:00.000Z","","true","","","false","4","66.7","PHOTO|SPORTING","C"
"cmtr8zquj0036v7ynvkbt6v1o","Ali Abdurakhmonov","756911","https://www.transfermarkt.com/ali-abdurakhmonov/profil/spieler/756911","true","Olmaliq","31216","Uzbekistan Super League","UZ1","Attack - Centre-Forward","UNKNOWN","","true","LEFT","true","","false","0","false","","false","","","false","true","2003-11-19T00:00:00.000Z","","true","","","false","3","50.0","PHOTO|SPORTING|CONTRACT","A"
"cmtr8zqmo000uv7ynf80ulr9z","Alibek Davronov","712357","https://www.transfermarkt.com/alibek-davronov/profil/spieler/712357","true","Nasaf Qarshi","20591","Uzbekistan Super League","UZ1","Defender - Centre-Back","CB","[""Left-Back""]","true","LEFT","true","https://img.a.transfermarkt.technology/portrait/header/712357-1726295825.png?lm=4711","true","0","false","","false","2027-12-31T00:00:00.000Z","","true","true","2002-12-28T00:00:00.000Z","23","true","2026-09-08T13:45:33.061Z","2026-09-08T13:45:34.117Z","true","5","83.3","SPORTING","C"
"cmtr8zqt6002lv7ynzkek2iyv","Alijon Bekmurudov","1146585","https://www.transfermarkt.com/alijon-bekmurudov/profil/spieler/1146585","true","Bunyodkor","19401","Uzbekistan Super League","UZ1","Defender - Centre-Back","UNKNOWN","[""Defensive Midfield""]","true","UNKNOWN","false","","false","2","true","2026-09-07T19:05:33.183Z","true","2026-12-31T00:00:00.000Z","","true","true","2005-02-10T00:00:00.000Z","","true","","","false","4","66.7","FOOT|PHOTO","C"
"cmtqan49b000q5rynre6yu569","Alisher Odilov","630017","https://www.transfermarkt.com/alisher-odilov/profil/spieler/630017","true","Neftchi","13306","Uzbekistan Super League","UZ1","Attack - Right Winger","WINGER","[""Attacking Midfield"",""Centre-Forward""]","true","UNKNOWN","false","https://img.a.transfermarkt.technology/portrait/header/630017-1745324652.png?lm=4711","true","0","false","","false","2027-12-31T00:00:00.000Z","","true","true","2001-07-15T00:00:00.000Z","25","true","2026-09-08T13:39:23.220Z","2026-09-08T13:39:23.735Z","true","4","66.7","FOOT|SPORTING","C"
"cmtr8zr1c0070v7ynpe5n8tsf","Alisher Salimov","651311","https://www.transfermarkt.com/alisher-salimov/profil/spieler/651311","true","Kokand 1912","53299","Uzbekistan Super League","UZ1","Defender - Right-Back","FB","[""Centre-Back"",""Left-Back""]","true","UNKNOWN","false","https://img.a.transfermarkt.technology/portrait/header/651311-1745493458.png?lm=4711","true","0","false","","false","2027-12-31T00:00:00.000Z","","true","true","1999-07-22T00:00:00.000Z","27","true","2026-09-09T01:52:42.443Z","2026-09-09T01:52:42.542Z","true","4","66.7","FOOT|SPORTING","C"
"cmtr8zqqh001qv7yn5k6g8qz8","Amadou Doumbouya","1000815","https://www.transfermarkt.com/amadou-doumbouya/profil/spieler/1000815","true","Dinamo","15300","Uzbekistan Super League","UZ1","Attack - Right Winger","WINGER","[""Central Midfield"",""Left Winger""]","true","RIGHT","true","https://img.a.transfermarkt.technology/portrait/header/1000815-1696355946.png?lm=4711","true","1","true","2026-09-07T18:54:55.356Z","true","2026-12-31T00:00:00.000Z","","true","true","2002-10-12T00:00:00.000Z","23","true","2026-09-08T13:49:34.205Z","2026-09-08T13:49:35.088Z","true","6","100.0","","D"
"cmtr8zqs5002av7yn9kkhucxu","Amir Turakulov","1129758","https://www.transfermarkt.com/amir-turakulov/profil/spieler/1129758","true","Bunyodkor","19401","Uzbekistan Super League","UZ1","Midfield - Defensive Midfield","UNKNOWN","[""Central Midfield""]","true","UNKNOWN","false","","false","2","true","2026-09-07T18:58:59.076Z","true","2027-12-31T00:00:00.000Z","","true","true","2004-09-30T00:00:00.000Z","","true","","","false","4","66.7","FOOT|PHOTO","C"
"cmtr671h200d733ynwws0lxno","Amirbek Berdiyev","seed:UZ1-2026-NEFTCHIF-033","seed://uz1/UZ1-2026-NEFTCHIF-033","false","Neftchi","13306","Uzbekistan Super League","UZ1","Forward","FW","","true","UNKNOWN","false","","false","0","false","","false","","","false","true","","","false","","","false","2","33.3","FOOT|PHOTO|SPORTING|CONTRACT","A"
"cmtr8zqx5004mv7yn4ofv5egy","Amirbek Saidov","1079580","https://www.transfermarkt.com/amirbek-saidov/profil/spieler/1079580","true","Sogdiana","35157","Uzbekistan Super League","UZ1","","UNKNOWN","","false","UNKNOWN","false","","false","2","true","2026-09-07T18:57:48.173Z","true","","","false","true","","","false","","","false","2","33.3","ROLE|FOOT|PHOTO|CONTRACT","A"
"cmtr8zr17006zv7yn3heb80np","Andro Giorgadze","426805","https://www.transfermarkt.com/andro-giorgadze/profil/spieler/426805","true","Kokand 1912","53299","Uzbekistan Super League","UZ1","Defender - Centre-Back","CB","","true","UNKNOWN","false","https://img.a.transfermarkt.technology/portrait/header/426805-1745493545.png?lm=4711","true","0","false","","false","2027-12-31T00:00:00.000Z","","true","true","1996-05-03T00:00:00.000Z","30","true","2026-09-09T01:52:47.089Z","2026-09-09T01:52:47.185Z","true","4","66.7","FOOT|SPORTING","C"
"cmtr8zqv7003iv7yn9b9pk2u3","Anri Chichinadze","410799","https://www.transfermarkt.com/anri-chichinadze/profil/spieler/410799","true","Navbahor","15310","Uzbekistan Super League","UZ1","Defender - Centre-Back","UNKNOWN","[""Defensive Midfield""]","true","RIGHT","true","","false","0","false","","false","2026-12-31T00:00:00.000Z","","true","true","1997-10-05T00:00:00.000Z","","true","","","false","4","66.7","PHOTO|SPORTING","C"
"cmtr8zr6u009nv7yno6hri8ox","Anvar Juraev","580096","https://www.transfermarkt.com/anvar-juraev/profil/spieler/580096","true","FC Buxoro","20151","Uzbekistan Super League","UZ1","Midfield - Central Midfield","CM","[""Defensive Midfield"",""Right-Back""]","true","UNKNOWN","false","https://img.a.transfermarkt.technology/portrait/header/580096-1745409209.png?lm=4711","true","0","false","","false","2026-12-31T00:00:00.000Z","","true","true","2000-04-25T00:00:00.000Z","26","true","2026-09-09T01:52:53.316Z","2026-09-09T01:52:53.404Z","true","4","66.7","FOOT|SPORTING","C"
"cmtr8zqp6001ev7ynww84deqf","Anvar Khozhimirzaev","744137","https://www.transfermarkt.com/anvar-khozhimirzaev/profil/spieler/744137","true","Dinamo","15300","Uzbekistan Super League","UZ1","Attack - Second Striker","ST","[""Right Winger"",""Attacking Midfield""]","true","RIGHT","true","https://img.a.transfermarkt.technology/portrait/header/744137-1745339684.png?lm=4711","true","0","false","","false","2026-11-30T00:00:00.000Z","","true","true","1994-10-21T00:00:00.000Z","31","true","2026-09-08T13:48:07.199Z","2026-09-08T13:48:07.264Z","true","5","83.3","SPORTING","C"
"cmtqan49r00125rynw6tjitl0","Anvarjon Gofurov","493443","https://www.transfermarkt.com/anvarjon-gofurov/profil/spieler/493443","true","Neftchi","13306","Uzbekistan Super League","UZ1","Defender - Centre-Back","CB","[""Right-Back"",""Left-Back""]","true","LEFT","true","https://img.a.transfermarkt.technology/portrait/header/493443-1745331571.png?lm=4711","true","0","false","","false","2026-12-01T00:00:00.000Z","","true","true","1995-06-28T00:00:00.000Z","31","true","2026-09-08T13:39:59.951Z","2026-09-08T13:40:00.159Z","true","5","83.3","SPORTING","C"
"cmtr8zr8900agv7ynggbk48j8","Anzur Ismoilov","86710","https://www.transfermarkt.com/anzur-ismoilov/profil/spieler/86710","true","Loko Tashkent","15309","Uzbekistan Super League","UZ1","Defender - Centre-Back","CB","[""Left-Back"",""Right-Back""]","true","BOTH","false","https://img.a.transfermarkt.technology/portrait/header/86710-1726738080.png?lm=4711","true","0","false","","false","2026-12-31T00:00:00.000Z","","true","true","1985-04-21T00:00:00.000Z","41","true","2026-09-09T01:52:57.933Z","2026-09-09T01:52:58.025Z","true","4","66.7","FOOT|SPORTING","C"
"cmtr8zqu1002yv7ynafq8u5xm","Arihiro Sentoku","527070","https://www.transfermarkt.com/arihiro-sentoku/profil/spieler/527070","true","Olmaliq","31216","Uzbekistan Super League","UZ1","Midfield - Attacking Midfield","UNKNOWN","[""Second Striker"",""Left Winger""]","true","RIGHT","true","","false","0","false","","false","2026-12-01T00:00:00.000Z","","true","true","1998-12-09T00:00:00.000Z","","true","","","false","4","66.7","PHOTO|SPORTING","C"
"cmtr8zr0t006rv7yngqz26ier","Artem Potapov","148484","https://www.transfermarkt.com/artem-potapov/profil/spieler/148484","true","FC Andijon","20099","Uzbekistan Super League","UZ1","","GK","","false","UNKNOWN","false","","false","1","true","2026-09-07T19:20:11.448Z","true","","","false","true","","","false","","","false","2","33.3","ROLE|FOOT|PHOTO|CONTRACT","A"
"cmtr8zqr9001yv7ynvfurgvth","Artem Radaev","983912","https://www.transfermarkt.com/artem-radaev/profil/spieler/983912","true","Dinamo","15300","Uzbekistan Super League","UZ1","Defender - Right-Back","FB","[""Left-Back"",""Centre-Back""]","true","RIGHT","true","https://img.a.transfermarkt.technology/portrait/header/983912-1658217576.png?lm=4711","true","0","false","","false","2026-12-31T00:00:00.000Z","","true","true","2005-08-24T00:00:00.000Z","21","true","2026-09-08T13:50:29.981Z","2026-09-08T13:50:30.056Z","true","5","83.3","SPORTING","C"
"cmtr8zquc0033v7ynmig6nxk2","Asad Sobirzhonov","658827","https://www.transfermarkt.com/asad-sobirzhonov/profil/spieler/658827","true","Olmaliq","31216","Uzbekistan Super League","UZ1","Attack - Left Winger","WINGER","[""Right Winger"",""Attacking Midfield""]","true","LEFT","true","https://img.a.transfermarkt.technology/portrait/header/658827-1726732503.png?lm=4711","true","0","false","","false","2026-12-31T00:00:00.000Z","","true","true","2000-08-03T00:00:00.000Z","26","true","2026-09-09T01:09:11.279Z","","true","5","83.3","SPORTING","C"
"cmtr8zr72009sv7yn7r7afhu2","Asadbek Joraboev","1061534","https://www.transfermarkt.com/asadbek-joraboev/profil/spieler/1061534","true","FC Buxoro","20151","Uzbekistan Super League","UZ1","","FW","","false","UNKNOWN","false","","false","2","true","2026-09-07T18:56:14.041Z","true","","","false","true","","","false","","","false","2","33.3","ROLE|FOOT|PHOTO|CONTRACT","A"
"cmtr8zqvc003lv7ynui0ddwew","Asadbek Rakhimzhonov","1096528","https://www.transfermarkt.com/asadbek-rakhimzhonov/profil/spieler/1096528","true","Navbahor","15310","Uzbekistan Super League","UZ1","Defender - Centre-Back","UNKNOWN","[""Defensive Midfield""]","true","RIGHT","true","","false","2","true","2026-09-07T18:58:16.755Z","true","2027-12-31T00:00:00.000Z","","true","true","2004-02-17T00:00:00.000Z","","true","","","false","5","83.3","PHOTO","C"
"cmtqan4a2001c5rynz7mxon70","Asilbek Jumaev","1125083","https://www.transfermarkt.com/asilbek-jumaev/profil/spieler/1125083","true","Neftchi","13306","Uzbekistan Super League","UZ1","Midfield - Attacking Midfield","AM","[""Right Winger"",""Left Winger""]","true","UNKNOWN","false","https://img.a.transfermarkt.technology/portrait/header/1125083-1745337456.png?lm=4711","true","2","true","2026-09-07T18:58:54.012Z","true","2027-12-31T00:00:00.000Z","","true","true","2005-03-25T00:00:00.000Z","21","true","2026-09-08T13:40:27.069Z","2026-09-08T13:40:27.128Z","true","5","83.3","FOOT","C"
"cmtr8zr6z009qv7yn3o2t5kf2","Asilbek Kayumov","847481","https://www.transfermarkt.com/asilbek-kayumov/profil/spieler/847481","true","FC Buxoro","20151","Uzbekistan Super League","UZ1","Attack - Centre-Forward","ST","[""Left Winger"",""Right Winger""]","true","UNKNOWN","false","https://img.a.transfermarkt.technology/portrait/header/847481-1745409507.png?lm=4711","true","0","false","","false","2026-12-31T00:00:00.000Z","","true","true","2002-08-06T00:00:00.000Z","24","true","2026-09-09T01:53:02.346Z","2026-09-09T01:53:02.431Z","true","4","66.7","FOOT|SPORTING","C"
"cmtr8zqog0018v7ynjb7r3v2q","Asilbek Numonov","1079573","https://www.transfermarkt.com/asilbek-numonov/profil/spieler/1079573","true","Nasaf Qarshi","20591","Uzbekistan Super League","UZ1","Goalkeeper","GK","","true","RIGHT","true","https://img.a.transfermarkt.technology/portrait/header/1079573-1759152283.png?lm=4711","true","2","true","2026-09-07T18:57:22.147Z","true","2027-12-31T00:00:00.000Z","","true","true","2005-08-12T00:00:00.000Z","21","true","2026-09-08T13:47:20.935Z","2026-09-08T13:47:21.032Z","true","6","100.0","","D"
"cmtr671gy00d133ynvzwubv9m","Asilbek To'xtasinov","seed:UZ1-2026-NEFTCHIF-028","seed://uz1/UZ1-2026-NEFTCHIF-028","false","Neftchi","13306","Uzbekistan Super League","UZ1","Midfielder","MF","","true","UNKNOWN","false","","false","0","false","","false","","","false","true","2007-08-22T00:00:00.000Z","","true","","","false","2","33.3","FOOT|PHOTO|SPORTING|CONTRACT","A"
"cmtr8zr210071v7ynflpznaa8","Asliddin Toshtemirov","629996","https://www.transfermarkt.com/asliddin-toshtemirov/profil/spieler/629996","true","Kokand 1912","53299","Uzbekistan Super League","UZ1","Defender - Centre-Back","CB","","true","RIGHT","true","https://img.a.transfermarkt.technology/portrait/header/629996-1745493607.png?lm=4711","true","0","false","","false","2027-12-31T00:00:00.000Z","","true","true","2001-07-01T00:00:00.000Z","25","true","2026-09-09T01:53:07.406Z","2026-09-09T01:53:07.495Z","true","5","83.3","SPORTING","C"
"cmtr8zqtp002tv7ynv3m0yy0s","Avazbek Ulmasaliev","538764","https://www.transfermarkt.com/avazbek-ulmasaliev/profil/spieler/538764","true","Olmaliq","31216","Uzbekistan Super League","UZ1","Defender - Centre-Back","DF","[""Left-Back"",""Right-Back""]","true","UNKNOWN","false","","false","0","false","","false","","","false","true","2000-03-27T00:00:00.000Z","","true","","","false","2","33.3","FOOT|PHOTO|SPORTING|CONTRACT","A"
"cmtr8zqkr000cv7ynb2u41tjc","Aymen Hussein","401054","https://www.transfermarkt.com/aymen-hussein/profil/spieler/401054","true","Pakhtakor Tashkent","3718","Uzbekistan Super League","UZ1","Attack - Centre-Forward","ST","","true","RIGHT","true","https://img.a.transfermarkt.technology/portrait/header/401054-1785851016.png?lm=4711","true","0","false","","false","2026-12-31T00:00:00.000Z","","true","true","1996-03-22T00:00:00.000Z","30","true","2026-09-08T13:43:05.226Z","2026-09-08T13:43:05.294Z","true","5","83.3","SPORTING","C"
"cmtr8zr440084v7yn0mtbh9rj","Azamat Soyibov","748142","https://www.transfermarkt.com/azamat-soyibov/profil/spieler/748142","true","Mash'al","13649","Uzbekistan Super League","UZ1","Goalkeeper","GK","","true","RIGHT","true","https://img.a.transfermarkt.technology/portrait/header/748142-1777785791.png?lm=4711","true","0","false","","false","2028-12-31T00:00:00.000Z","","true","true","1998-12-20T00:00:00.000Z","27","true","2026-09-09T01:53:13.609Z","2026-09-09T01:53:13.696Z","true","5","83.3","SPORTING","C"
"cmtr8zqzx0068v7yne0eq9490","Azamjon Temirkhonov","1522798","https://www.transfermarkt.com/azamjon-temirkhonov/profil/spieler/1522798","true","Surkhon","65036","Uzbekistan Super League","UZ1","","UNKNOWN","","false","UNKNOWN","false","","false","1","true","2026-09-07T19:20:31.266Z","true","","","false","true","","","false","","","false","2","33.3","ROLE|FOOT|PHOTO|CONTRACT","A"
"cmtr8zqtr002uv7ynomz062y2","Aziz Kholmurodov","1004372","https://www.transfermarkt.com/aziz-kholmurodov/profil/spieler/1004372","true","Olmaliq","31216","Uzbekistan Super League","UZ1","Attack - Centre-Forward","UNKNOWN","[""Left Winger"",""Right Winger""]","true","LEFT","true","","false","2","true","2026-09-07T18:55:11.255Z","true","2027-12-31T00:00:00.000Z","","true","true","2003-09-18T00:00:00.000Z","","true","","","false","5","83.3","PHOTO","C"
"cmtr8zqoy001cv7yn3oirvggy","Azizbek Amanov","517918","https://www.transfermarkt.com/azizbek-amanov/profil/spieler/517918","true","Dinamo","15300","Uzbekistan Super League","UZ1","Attack - Centre-Forward","ST","[""Left Winger"",""Right Winger""]","true","LEFT","true","https://img.a.transfermarkt.technology/portrait/header/517918-1745401324.png?lm=4711","true","0","false","","false","2026-12-31T00:00:00.000Z","","true","true","1997-10-30T00:00:00.000Z","28","true","2026-09-08T13:47:54.755Z","2026-09-08T13:47:54.826Z","true","5","83.3","SPORTING","C"
"cmtr8zr4j008dv7ynu8vhugw5","Azizbek Choriev","1405287","https://www.transfermarkt.com/azizbek-choriev/profil/spieler/1405287","true","Mash'al","13649","Uzbekistan Super League","UZ1","","UNKNOWN","","false","UNKNOWN","false","","false","1","true","2026-09-07T19:19:06.934Z","true","","","false","true","","","false","","","false","2","33.3","ROLE|FOOT|PHOTO|CONTRACT","A"
"cmtr8zr54008qv7yn8kp50uzr","Azizbek Pirmukhamedov","843326","https://www.transfermarkt.com/azizbek-pirmukhamedov/profil/spieler/843326","true","Xorazm FС","38976","Uzbekistan Super League","UZ1","Defender - Left-Back","FB","[""Centre-Back"",""Defensive Midfield""]","true","LEFT","true","https://img.a.transfermarkt.technology/portrait/header/843326-1745327777.png?lm=4711","true","0","false","","false","2027-12-15T00:00:00.000Z","","true","true","2002-04-20T00:00:00.000Z","24","true","2026-09-09T01:53:19.045Z","2026-09-09T01:53:19.139Z","true","5","83.3","SPORTING","C"
"cmtr8zqrs0024v7ynih3eh300","Azizbek Tulkinbekov","1077648","https://www.transfermarkt.com/azizbek-tulkinbekov/profil/spieler/1077648","true","Bunyodkor","19401","Uzbekistan Super League","UZ1","Midfield - Defensive Midfield","UNKNOWN","[""Centre-Back"",""Right-Back""]","true","RIGHT","true","","false","2","true","2026-09-07T18:57:06.660Z","true","2026-12-31T00:00:00.000Z","","true","true","2007-02-10T00:00:00.000Z","","true","","","false","5","83.3","PHOTO","C"
"cmtr8zr02006bv7ynrjy3zz87","Azizbek Turgunboev","493593","https://www.transfermarkt.com/azizbek-turgunboev/profil/spieler/493593","true","FC Andijon","20099","Uzbekistan Super League","UZ1","Central Midfield","MF","","true","UNKNOWN","false","","false","0","false","","false","2026-12-31T00:00:00.000Z","","true","true","1994-10-01T00:00:00.000Z","","true","","","false","3","50.0","FOOT|PHOTO|SPORTING","A"
"cmtr8zr5o008yv7ynnvfmos9n","Azizjon Akhrorov","1188359","https://www.transfermarkt.com/azizjon-akhrorov/profil/spieler/1188359","true","Xorazm FС","38976","Uzbekistan Super League","UZ1","","UNKNOWN","","false","UNKNOWN","false","","false","2","true","2026-09-07T19:06:09.049Z","true","","","false","true","","","false","","","false","2","33.3","ROLE|FOOT|PHOTO|CONTRACT","A"
"cmtr8zr6f009ev7ynp02p7uxi","Azizkhon Isokov","661762","https://www.transfermarkt.com/azizkhon-isokov/profil/spieler/661762","true","FC Buxoro","20151","Uzbekistan Super League","UZ1","Goalkeeper","GK","","true","UNKNOWN","false","https://img.a.transfermarkt.technology/portrait/header/661762-1777789770.png?lm=4711","true","0","false","","false","2028-06-30T00:00:00.000Z","","true","true","2000-12-23T00:00:00.000Z","25","true","2026-09-09T01:53:24.350Z","2026-09-09T01:53:24.451Z","true","4","66.7","FOOT|SPORTING","C"
"cmtr8zqr2001wv7yn1n7sl3mb","Bakhodir Nasimov","143820","https://www.transfermarkt.com/bakhodir-nasimov/profil/spieler/143820","true","Dinamo","15300","Uzbekistan Super League","UZ1","Attack - Centre-Forward","ST","[""Right Winger"",""Left Winger""]","true","RIGHT","true","https://img.a.transfermarkt.technology/portrait/header/143820-1745339910.png?lm=4711","true","1","true","2026-09-07T19:19:40.614Z","true","2026-12-31T00:00:00.000Z","","true","true","1987-05-02T00:00:00.000Z","39","true","2026-09-08T13:50:18.825Z","2026-09-08T13:50:18.903Z","true","6","100.0","","D"
"cmtr8zqk70005v7yn2nkw10m1","Bashar Resan","295483","https://www.transfermarkt.com/bashar-resan/profil/spieler/295483","true","Pakhtakor Tashkent","3718","Uzbekistan Super League","UZ1","Midfield - Attacking Midfield","AM","[""Right Winger"",""Left Winger""]","true","RIGHT","true","https://img.a.transfermarkt.technology/portrait/header/295483-1745332832.png?lm=4711","true","0","false","","false","2026-12-31T00:00:00.000Z","","true","true","1996-12-22T00:00:00.000Z","29","true","2026-09-08T13:42:21.308Z","2026-09-08T13:42:21.370Z","true","5","83.3","SPORTING","C"
"cmtr8zqxd004rv7yncrjc0fvs","Bayram Nadzhafaliev","1061549","https://www.transfermarkt.com/bayram-nadzhafaliev/profil/spieler/1061549","true","Sogdiana","35157","Uzbekistan Super League","UZ1","","GK","","false","UNKNOWN","false","","false","2","true","2026-09-07T18:56:24.304Z","true","","","false","true","","","false","","","false","2","33.3","ROLE|FOOT|PHOTO|CONTRACT","A"
"cmtr8zqwl0049v7ynyuwx7pwq","Bekhruz Askarov","989030","https://www.transfermarkt.com/bekhruz-askarov/profil/spieler/989030","true","Sogdiana","35157","Uzbekistan Super League","UZ1","Midfield - Central Midfield","CM","[""Defensive Midfield"",""Centre-Back""]","true","UNKNOWN","false","https://img.a.transfermarkt.technology/portrait/header/989030-1726294525.png?lm=4711","true","0","false","","false","2026-12-31T00:00:00.000Z","","true","true","2003-03-08T00:00:00.000Z","23","true","2026-09-09T01:53:29.298Z","2026-09-09T01:53:29.387Z","true","4","66.7","FOOT|SPORTING","C"
"cmtr8zqws004ev7ynhebqf5rr","Bekhruz Dzhumatov","1079578","https://www.transfermarkt.com/bekhruz-dzhumatov/profil/spieler/1079578","true","Sogdiana","35157","Uzbekistan Super League","UZ1","","DF","","false","UNKNOWN","false","","false","2","true","2026-09-07T18:57:43.015Z","true","","","false","true","","","false","","","false","2","33.3","ROLE|FOOT|PHOTO|CONTRACT","A"
"cmtr8zqyt005lv7yn7ox5rukb","Bekhruz Shaydulov","661576","https://www.transfermarkt.com/bekhruz-shaydulov/profil/spieler/661576","true","Surkhon","65036","Uzbekistan Super League","UZ1","Defender - Left-Back","FB","[""Left Winger"",""Centre-Forward""]","true","UNKNOWN","false","https://img.a.transfermarkt.technology/portrait/header/661576-1745337054.png?lm=4711","true","0","false","","false","2026-12-31T00:00:00.000Z","","true","true","2000-12-01T00:00:00.000Z","25","true","2026-09-09T01:53:34.824Z","2026-09-09T01:53:34.910Z","true","4","66.7","FOOT|SPORTING","C"
"cmtr8zqzg005zv7ynp917fbj5","Bekhruz Shukurullaev","1109168","https://www.transfermarkt.com/bekhruz-shukurullaev/profil/spieler/1109168","true","Surkhon","65036","Uzbekistan Super League","UZ1","","UNKNOWN","","false","UNKNOWN","false","","false","2","true","2026-09-07T18:58:37.297Z","true","","","false","true","","","false","","","false","2","33.3","ROLE|FOOT|PHOTO|CONTRACT","A"
"cmtr8zqz8005uv7ynebdl8ls0","Bekhruz Uktamov","1277183","https://www.transfermarkt.com/bekhruz-uktamov/profil/spieler/1277183","true","Surkhon","65036","Uzbekistan Super League","UZ1","","UNKNOWN","","false","UNKNOWN","false","","false","2","true","2026-09-07T19:07:48.311Z","true","","","false","true","","","false","","","false","2","33.3","ROLE|FOOT|PHOTO|CONTRACT","A"
"cmtr8zqqm001rv7ynxtsgf6bm","Bekhruzbek Oblakulov","1004528","https://www.transfermarkt.com/bekhruzbek-oblakulov/profil/spieler/1004528","true","Dinamo","15300","Uzbekistan Super League","UZ1","Midfield - Central Midfield","CM","[""Right Winger""]","true","RIGHT","true","https://img.a.transfermarkt.technology/portrait/header/1004528-1726389457.png?lm=4711","true","2","true","2026-09-07T18:55:31.453Z","true","","","false","true","2004-05-15T00:00:00.000Z","22","true","2026-09-08T13:49:42.063Z","2026-09-08T13:49:42.143Z","true","5","83.3","CONTRACT","C"
"cmtr8zqyr005kv7yn0lc96w4u","Bekhzod Shamsiev","630018","https://www.transfermarkt.com/bekhzod-shamsiev/profil/spieler/630018","true","Surkhon","65036","Uzbekistan Super League","UZ1","Defender - Centre-Back","CB","[""Left-Back"",""Attacking Midfield""]","true","LEFT","true","https://img.a.transfermarkt.technology/portrait/header/630018-1745337120.png?lm=4711","true","0","false","","false","2026-12-31T00:00:00.000Z","","true","true","2001-06-04T00:00:00.000Z","25","true","2026-09-09T01:53:40.311Z","2026-09-09T01:53:40.395Z","true","5","83.3","SPORTING","C"
"cmtr8zqnv0013v7ynmi1e20wp","Bekjon Rakhmatov","1169468","https://www.transfermarkt.com/bekjon-rakhmatov/profil/spieler/1169468","true","Nasaf Qarshi","20591","Uzbekistan Super League","UZ1","Midfield - Central Midfield","CM","[""Defensive Midfield""]","true","UNKNOWN","false","https://img.a.transfermarkt.technology/portrait/header/1169468-1745328077.png?lm=4711","true","3","true","2026-09-07T19:05:52.263Z","true","2026-12-31T00:00:00.000Z","","true","true","2003-04-29T00:00:00.000Z","23","true","2026-09-08T13:46:46.066Z","2026-09-08T13:46:46.175Z","true","5","83.3","FOOT","C"
"cmtr8zr0u006sv7ynlmaml80e","Bekzod Sulaymonov","1418698","https://www.transfermarkt.com/bekzod-sulaymonov/profil/spieler/1418698","true","FC Andijon","20099","Uzbekistan Super League","UZ1","","UNKNOWN","","false","UNKNOWN","false","","false","1","true","2026-09-07T19:19:24.159Z","true","","","false","true","","","false","","","false","2","33.3","ROLE|FOOT|PHOTO|CONTRACT","A"
"cmtr8zqvz003xv7ynb6cj1wib","Benjamin Teidi","234528","https://www.transfermarkt.com/benjamin-teidi/profil/spieler/234528","true","Navbahor","15310","Uzbekistan Super League","UZ1","Midfield - Defensive Midfield","UNKNOWN","[""Central Midfield""]","true","RIGHT","true","","false","0","false","","false","2026-12-31T00:00:00.000Z","","true","true","1994-05-05T00:00:00.000Z","","true","","","false","4","66.7","PHOTO|SPORTING","C"
"cmtr8zr7q00a6v7ynkn7b6yjh","Bilol Tupliev","917316","https://www.transfermarkt.com/bilol-tupliev/profil/spieler/917316","true","Loko Tashkent","15309","Uzbekistan Super League","UZ1","Midfield - Central Midfield","CM","[""Defensive Midfield"",""Right Winger""]","true","UNKNOWN","false","https://img.a.transfermarkt.technology/portrait/header/917316-1745409239.png?lm=4711","true","0","false","","false","2026-12-31T00:00:00.000Z","","true","true","2003-08-28T00:00:00.000Z","23","true","2026-09-09T01:53:45.996Z","2026-09-09T01:53:46.080Z","true","4","66.7","FOOT|SPORTING","C"
"cmtqan4a0001a5rynfum2jxya","Bilolkhon Toshmirzaev","772000","https://www.transfermarkt.com/bilolkhon-toshmirzaev/profil/spieler/772000","true","Neftchi","13306","Uzbekistan Super League","UZ1","Attack - Left Winger","WINGER","[""Right Winger""]","true","UNKNOWN","false","https://img.a.transfermarkt.technology/portrait/header/772000-1745331985.png?lm=4711","true","0","false","","false","2027-12-31T00:00:00.000Z","","true","true","1997-08-08T00:00:00.000Z","29","true","2026-09-08T13:40:22.588Z","2026-09-08T13:40:22.659Z","true","4","66.7","FOOT|SPORTING","C"
"cmtr8zqy90059v7ynlbo21bi4","Bobomurod Bozorov","890258","https://www.transfermarkt.com/bobomurod-bozorov/profil/spieler/890258","true","Qizilqum","20115","Uzbekistan Super League","UZ1","Attack - Right Winger","WINGER","[""Left Winger"",""Right-Back""]","true","UNKNOWN","false","https://img.a.transfermarkt.technology/portrait/header/890258-1745405216.png?lm=4711","true","0","false","","false","2027-12-31T00:00:00.000Z","","true","true","2002-12-30T00:00:00.000Z","23","true","2026-09-09T01:53:51.643Z","2026-09-09T01:53:51.745Z","true","4","66.7","FOOT|SPORTING","C"
"cmtr8zqlp000mv7ynha9vddys","Bobur Abdikholikov","431912","https://www.transfermarkt.com/bobur-abdikholikov/profil/spieler/431912","true","Nasaf Qarshi","20591","Uzbekistan Super League","UZ1","Attack - Centre-Forward","ST","[""Left Winger"",""Right Winger""]","true","RIGHT","true","https://img.a.transfermarkt.technology/portrait/header/431912-1759064673.png?lm=4711","true","0","false","","false","2026-12-31T00:00:00.000Z","","true","true","1997-04-23T00:00:00.000Z","29","true","2026-09-08T13:44:18.426Z","2026-09-08T13:44:18.524Z","true","5","83.3","SPORTING","C"
"cmtr8zr400082v7ynlocjv270","Bobur Askarov","651310","https://www.transfermarkt.com/bobur-askarov/profil/spieler/651310","true","Mash'al","13649","Uzbekistan Super League","UZ1","Defender - Centre-Back","CB","[""Defensive Midfield""]","true","UNKNOWN","false","https://img.a.transfermarkt.technology/portrait/header/651310-1726408463.png?lm=4711","true","0","false","","false","2027-12-15T00:00:00.000Z","","true","true","1999-02-09T00:00:00.000Z","27","true","2026-09-09T01:53:55.973Z","2026-09-09T01:53:56.065Z","true","4","66.7","FOOT|SPORTING","C"
"cmtr8zqs9002cv7yng7zzqmtf","Boburbek Yuldashov","263459","https://www.transfermarkt.com/boburbek-yuldashov/profil/spieler/263459","true","Bunyodkor","19401","Uzbekistan Super League","UZ1","Defender - Centre-Back","DF","[""Defensive Midfield""]","true","UNKNOWN","false","","false","0","false","","false","2026-12-31T00:00:00.000Z","","true","true","1993-04-08T00:00:00.000Z","","true","","","false","3","50.0","FOOT|PHOTO|SPORTING","A"
"cmtr8zqzn0064v7yn6liu5ct5","Boburjon Rakhimjonov","1398349","https://www.transfermarkt.com/boburjon-rakhimjonov/profil/spieler/1398349","true","Surkhon","65036","Uzbekistan Super League","UZ1","","UNKNOWN","","false","UNKNOWN","false","","false","1","true","2026-09-07T19:18:46.170Z","true","","","false","true","","","false","","","false","2","33.3","ROLE|FOOT|PHOTO|CONTRACT","A"
"cmtqan4a4001e5rynz9ucdi1l","Bojan Ciger","580784","https://www.transfermarkt.com/bojan-ciger/profil/spieler/580784","true","Neftchi","13306","Uzbekistan Super League","UZ1","Defender - Centre-Back","CB","[""Right-Back"",""Left-Back""]","true","RIGHT","true","https://img.a.transfermarkt.technology/portrait/header/580784-1745331623.png?lm=4711","true","0","false","","false","2027-12-31T00:00:00.000Z","","true","true","1994-06-18T00:00:00.000Z","32","true","2026-09-08T13:40:33.673Z","2026-09-08T13:40:33.751Z","true","5","83.3","SPORTING","C"
"cmtr8zr6o009kv7yno7xy702n","Bojan Mladjovic","526443","https://www.transfermarkt.com/bojan-mladjovic/profil/spieler/526443","true","FC Buxoro","20151","Uzbekistan Super League","UZ1","Defender - Centre-Back","CB","[""Left-Back""]","true","LEFT","true","https://img.a.transfermarkt.technology/portrait/header/526443-1777790825.png?lm=4711","true","0","false","","false","2027-11-30T00:00:00.000Z","","true","true","1995-10-16T00:00:00.000Z","30","true","2026-09-09T01:54:00.653Z","2026-09-09T01:54:00.739Z","true","5","83.3","SPORTING","C"
"cmtqan49o00105ryng0k6rwe2","Botirali Ergashev","312690","https://www.transfermarkt.com/botirali-ergashev/profil/spieler/312690","true","Neftchi","13306","Uzbekistan Super League","UZ1","Goalkeeper","GK","","true","RIGHT","true","https://img.a.transfermarkt.technology/portrait/header/312690-1745331173.png?lm=4711","true","0","false","","false","2027-12-31T00:00:00.000Z","","true","true","1995-06-23T00:00:00.000Z","31","true","2026-09-08T13:39:53.713Z","2026-09-08T13:39:54.147Z","true","5","83.3","SPORTING","C"
"cmtr8zr0l006mv7ynpzkhxhzk","Damir Temirov","658912","https://www.transfermarkt.com/damir-temirov/profil/spieler/658912","true","FC Andijon","20099","Uzbekistan Super League","UZ1","Midfield - Attacking Midfield","AM","[""Central Midfield"",""Second Striker""]","true","RIGHT","true","https://img.a.transfermarkt.technology/portrait/header/658912-1745399192.png?lm=4711","true","0","false","","false","2026-12-31T00:00:00.000Z","","true","true","1998-07-28T00:00:00.000Z","28","true","2026-09-09T01:54:05.857Z","2026-09-09T01:54:05.944Z","true","5","83.3","SPORTING","C"
"cmtr8zr5q008zv7ynnvy7fq8n","Daniil Nugumanov","1398347","https://www.transfermarkt.com/daniil-nugumanov/profil/spieler/1398347","true","Xorazm FС","38976","Uzbekistan Super League","UZ1","","UNKNOWN","","false","UNKNOWN","false","","false","1","true","2026-09-07T19:18:40.673Z","true","","","false","true","","","false","","","false","2","33.3","ROLE|FOOT|PHOTO|CONTRACT","A"
"cmtr8zr8e00ajv7yn71z2jyzo","Danil Baklanov","1241169","https://www.transfermarkt.com/danil-baklanov/profil/spieler/1241169","true","Loko Tashkent","15309","Uzbekistan Super League","UZ1","","GK","","false","UNKNOWN","false","","false","1","true","2026-09-07T19:06:57.053Z","true","","","false","true","","","false","","","false","2","33.3","ROLE|FOOT|PHOTO|CONTRACT","A"
"cmtr8zr5u0091v7ynnol1021t","Danila Ezhov","934286","https://www.transfermarkt.com/danila-ezhov/profil/spieler/934286","true","Xorazm FС","38976","Uzbekistan Super League","UZ1","Attack - Left Winger","WINGER","[""Right Winger""]","true","UNKNOWN","false","https://img.a.transfermarkt.technology/portrait/header/934286-1745496801.png?lm=4711","true","0","false","","false","2027-12-05T00:00:00.000Z","","true","true","2004-07-20T00:00:00.000Z","22","true","2026-09-09T01:54:11.554Z","2026-09-09T01:54:11.644Z","true","4","66.7","FOOT|SPORTING","C"
"cmtr8zqz0005pv7ynzg1xzxb7","Davron Merganov","772911","https://www.transfermarkt.com/davron-merganov/profil/spieler/772911","true","Surkhon","65036","Uzbekistan Super League","UZ1","Goalkeeper","GK","","true","RIGHT","true","https://img.a.transfermarkt.technology/portrait/header/772911-1745336910.png?lm=4711","true","0","false","","false","2026-12-31T00:00:00.000Z","","true","true","2002-09-18T00:00:00.000Z","23","true","2026-09-09T01:54:17.013Z","2026-09-09T01:54:17.100Z","true","5","83.3","SPORTING","C"
"cmtr8zqo60016v7ynquzi3x94","Davronbek Usmonov","1383135","https://www.transfermarkt.com/davronbek-usmonov/profil/spieler/1383135","true","Nasaf Qarshi","20591","Uzbekistan Super League","UZ1","Attack - Centre-Forward","ST","","true","UNKNOWN","false","https://img.a.transfermarkt.technology/portrait/header/1383135-1745330526.png?lm=4711","true","2","true","2026-09-07T19:08:50.378Z","true","2026-12-31T00:00:00.000Z","","true","true","2006-08-22T00:00:00.000Z","20","true","2026-09-08T13:47:09.799Z","2026-09-08T13:47:09.956Z","true","5","83.3","FOOT","C"
"cmtr8zql7000iv7ynfq59vhp3","Dilshod Abdullaev","1079574","https://www.transfermarkt.com/dilshod-abdullaev/profil/spieler/1079574","true","Pakhtakor Tashkent","3718","Uzbekistan Super League","UZ1","Defender - Centre-Back","CB","","true","RIGHT","true","https://img.a.transfermarkt.technology/portrait/header/1079574-1745332651.png?lm=4711","true","3","true","2026-09-07T18:57:27.824Z","true","2027-12-31T00:00:00.000Z","","true","true","2006-05-09T00:00:00.000Z","20","true","2026-09-08T13:43:47.853Z","2026-09-08T13:43:47.918Z","true","6","100.0","","D"
"cmtr8zqtu002vv7yn60ecc1p0","Dilshod Akhmadaliev","427878","https://www.transfermarkt.com/dilshod-akhmadaliev/profil/spieler/427878","true","Olmaliq","31216","Uzbekistan Super League","UZ1","Defender - Right-Back","UNKNOWN","[""Right Midfield""]","true","LEFT","true","","false","0","false","","false","2026-12-31T00:00:00.000Z","","true","true","1994-11-02T00:00:00.000Z","","true","","","false","4","66.7","PHOTO|SPORTING","C"
"cmtr8zqvs003sv7yn22e8urx2","Dilshod Komilov","661080","https://www.transfermarkt.com/dilshod-komilov/profil/spieler/661080","true","Navbahor","15310","Uzbekistan Super League","UZ1","Defender - Centre-Back","UNKNOWN","[""Left-Back"",""Right-Back""]","true","LEFT","true","","false","0","false","","false","2026-12-31T00:00:00.000Z","","true","true","1999-05-16T00:00:00.000Z","","true","","","false","4","66.7","PHOTO|SPORTING","C"
"cmtr8zqxa004pv7ynmzlqz39k","Dilshod Misraliev","1341818","https://www.transfermarkt.com/dilshod-misraliev/profil/spieler/1341818","true","Sogdiana","35157","Uzbekistan Super League","UZ1","","UNKNOWN","","false","UNKNOWN","false","","false","2","true","2026-09-07T19:08:28.815Z","true","","","false","true","","","false","","","false","2","33.3","ROLE|FOOT|PHOTO|CONTRACT","A"
"cmtr8zqnz0014v7yn8u6pwmm1","Dilshod Murtozoev","1079572","https://www.transfermarkt.com/dilshod-murtozoev/profil/spieler/1079572","true","Nasaf Qarshi","20591","Uzbekistan Super League","UZ1","Midfield - Left Midfield","WINGER","[""Left-Back"",""Left Winger""]","true","UNKNOWN","false","https://img.a.transfermarkt.technology/portrait/header/1079572-1743417249.png?lm=4711","true","2","true","2026-09-07T18:57:17.470Z","true","2028-12-31T00:00:00.000Z","","true","true","2006-09-02T00:00:00.000Z","20","true","2026-09-08T13:46:51.665Z","2026-09-08T13:46:51.733Z","true","5","83.3","FOOT","C"
"cmtr8zql5000hv7yny2vrki3y","Dilshod Saitov","596250","https://www.transfermarkt.com/dilshod-saitov/profil/spieler/596250","true","Pakhtakor Tashkent","3718","Uzbekistan Super League","UZ1","Defender - Right-Back","FB","[""Central Midfield"",""Right Midfield""]","true","RIGHT","true","https://img.a.transfermarkt.technology/portrait/header/596250-1745332570.png?lm=4711","true","0","false","","false","2027-12-31T00:00:00.000Z","","true","true","1999-02-02T00:00:00.000Z","27","true","2026-09-08T13:43:41.217Z","2026-09-08T13:43:41.329Z","true","5","83.3","SPORTING","C"
"cmtr8zqzd005xv7yn58ckatr4","Dilshod Yuldoshev","933455","https://www.transfermarkt.com/dilshod-yuldoshev/profil/spieler/933455","true","Surkhon","65036","Uzbekistan Super League","UZ1","Goalkeeper","GK","","true","UNKNOWN","false","https://img.a.transfermarkt.technology/portrait/header/933455-1745336885.png?lm=4711","true","0","false","","false","2026-12-31T00:00:00.000Z","","true","true","2001-07-28T00:00:00.000Z","25","true","2026-09-09T01:54:21.521Z","2026-09-09T01:54:21.615Z","true","4","66.7","FOOT|SPORTING","C"
"cmtr8zqvn003pv7ynlhbcwwxk","Diyor Kholmatov","704546","https://www.transfermarkt.com/diyor-kholmatov/profil/spieler/704546","true","Navbahor","15310","Uzbekistan Super League","UZ1","Midfield - Attacking Midfield","UNKNOWN","[""Central Midfield"",""Left Winger""]","true","RIGHT","true","","false","0","false","","false","2026-12-31T00:00:00.000Z","","true","true","2002-07-22T00:00:00.000Z","","true","","","false","4","66.7","PHOTO|SPORTING","C"
"cmtr8zr4q008hv7ynbpotgdgc","Diyor Ortikboev","988921","https://www.transfermarkt.com/diyor-ortikboev/profil/spieler/988921","true","Xorazm FС","38976","Uzbekistan Super League","UZ1","Defender - Centre-Back","CB","[""Defensive Midfield"",""Left-Back""]","true","LEFT","true","https://img.a.transfermarkt.technology/portrait/header/988921-1726294133.png?lm=4711","true","0","false","","false","2027-12-31T00:00:00.000Z","","true","true","2003-01-06T00:00:00.000Z","23","true","2026-09-09T01:54:27.208Z","2026-09-09T01:54:27.294Z","true","5","83.3","SPORTING","C"
"cmtr8zqxz0053v7ynzdhb2od7","Diyor Rakhmatilloev","1122102","https://www.transfermarkt.com/diyor-rakhmatilloev/profil/spieler/1122102","true","Qizilqum","20115","Uzbekistan Super League","UZ1","","MF","","false","UNKNOWN","false","","false","2","true","2026-09-07T18:58:48.139Z","true","2027-12-31T00:00:00.000Z","","true","true","","","false","","","false","3","50.0","ROLE|FOOT|PHOTO","A"
"cmtr8zqze005yv7yn4gtm7qkv","Diyor Ramazonov","630016","https://www.transfermarkt.com/diyor-ramazonov/profil/spieler/630016","true","Surkhon","65036","Uzbekistan Super League","UZ1","Midfield - Defensive Midfield","DM","[""Central Midfield""]","true","UNKNOWN","false","https://img.a.transfermarkt.technology/portrait/header/630016-1726408750.png?lm=4711","true","0","false","","false","2026-12-31T00:00:00.000Z","","true","true","2001-06-05T00:00:00.000Z","25","true","2026-09-09T01:54:32.339Z","2026-09-09T01:54:32.431Z","true","4","66.7","FOOT|SPORTING","C"
"cmtr8zqnr0012v7yn3wtb2klh","Diyorbek Abdunazarov","1347132","https://www.transfermarkt.com/diyorbek-abdunazarov/profil/spieler/1347132","true","Nasaf Qarshi","20591","Uzbekistan Super League","UZ1","Defender - Centre-Back","CB","[""Right-Back""]","true","UNKNOWN","false","https://img.a.transfermarkt.technology/portrait/header/1347132-1743416996.png?lm=4711","true","2","true","2026-09-07T19:08:34.152Z","true","2027-12-31T00:00:00.000Z","","true","true","2005-02-22T00:00:00.000Z","21","true","2026-09-08T13:46:35.760Z","2026-09-08T13:46:36.281Z","true","5","83.3","FOOT","C"
"cmtr8zr7o00a5v7yn9zw6t9tu","Diyorzhon Turopov","274557","https://www.transfermarkt.com/diyorzhon-turopov/profil/spieler/274557","true","Loko Tashkent","15309","Uzbekistan Super League","UZ1","Midfield - Attacking Midfield","AM","[""Left Winger"",""Right Winger""]","true","LEFT","true","https://img.a.transfermarkt.technology/portrait/header/274557-1726389301.png?lm=4711","true","0","false","","false","2026-12-31T00:00:00.000Z","","true","true","1994-07-09T00:00:00.000Z","32","true","2026-09-08T23:26:06.067Z","","true","5","83.3","SPORTING","C"
"cmtr8zqrq0023v7ynd9oj27ym","Dmitriy Pletnev","343870","https://www.transfermarkt.com/dmitriy-pletnev/profil/spieler/343870","true","Bunyodkor","19401","Uzbekistan Super League","UZ1","Midfield - Attacking Midfield","AM","[""Left Winger"",""Right Winger""]","true","RIGHT","true","https://img.a.transfermarkt.technology/portrait/header/343870-1745337371.png?lm=4711","true","0","false","","false","2026-12-31T00:00:00.000Z","","true","true","1998-01-16T00:00:00.000Z","28","true","2026-09-08T13:51:05.610Z","2026-09-08T13:51:05.666Z","true","5","83.3","SPORTING","C"
"cmtr8zr6e009dv7yn88o1j0f6","Dominik Begic","570429","https://www.transfermarkt.com/dominik-begic/profil/spieler/570429","true","FC Buxoro","20151","Uzbekistan Super League","UZ1","Attack - Centre-Forward","ST","[""Right Winger""]","true","RIGHT","true","https://img.a.transfermarkt.technology/portrait/header/570429-1745409420.png?lm=4711","true","0","false","","false","2026-12-31T00:00:00.000Z","","true","true","1997-08-03T00:00:00.000Z","29","true","2026-09-09T01:54:37.834Z","2026-09-09T01:54:37.927Z","true","5","83.3","SPORTING","C"
"cmtr8zr0o006ov7ynzl5bdjzf","Doniyor Abdumannopov","661061","https://www.transfermarkt.com/doniyor-abdumannopov/profil/spieler/661061","true","FC Andijon","20099","Uzbekistan Super League","UZ1","Attack - Right Winger","WINGER","[""Attacking Midfield"",""Left Winger""]","true","RIGHT","true","https://img.a.transfermarkt.technology/portrait/header/661061-1745399505.png?lm=4711","true","0","false","","false","2026-12-31T00:00:00.000Z","","true","true","2000-10-12T00:00:00.000Z","25","true","2026-09-09T01:54:43.498Z","2026-09-09T01:54:43.592Z","true","5","83.3","SPORTING","C"
"cmtr8zr3x0080v7ynnv22ynn9","Doniyor Narzullaev","431914","https://www.transfermarkt.com/doniyor-narzullaev/profil/spieler/431914","true","Mash'al","13649","Uzbekistan Super League","UZ1","Attack - Right Winger","WINGER","[""Attacking Midfield"",""Left Winger""]","true","RIGHT","true","https://img.a.transfermarkt.technology/portrait/header/431914-1745328269.png?lm=4711","true","0","false","","false","2026-12-31T00:00:00.000Z","","true","true","1995-04-11T00:00:00.000Z","31","true","2026-09-09T01:54:47.877Z","2026-09-09T01:54:47.970Z","true","5","83.3","SPORTING","C"
"cmtr8zr3f007qv7ynss06vntu","Doston Tukhtaboev","745388","https://www.transfermarkt.com/doston-tukhtaboev/profil/spieler/745388","true","Mash'al","13649","Uzbekistan Super League","UZ1","Goalkeeper","GK","","true","UNKNOWN","false","https://img.a.transfermarkt.technology/portrait/header/745388-1745406609.png?lm=4711","true","0","false","","false","2026-12-31T00:00:00.000Z","","true","true","1996-05-04T00:00:00.000Z","30","true","2026-09-09T01:54:54.089Z","2026-09-09T01:54:54.203Z","true","4","66.7","FOOT|SPORTING","C"
"cmtr8zqyn005iv7ynd1ciq5wy","Doston Tursunov","1209191","https://www.transfermarkt.com/doston-tursunov/profil/spieler/1209191","true","Qizilqum","20115","Uzbekistan Super League","UZ1","Defender - Centre-Back","CB","","true","UNKNOWN","false","https://img.a.transfermarkt.technology/portrait/header/1209191-1745405893.png?lm=4711","true","0","false","2026-09-07T19:06:41.977Z","false","","","false","true","2004-10-08T00:00:00.000Z","21","true","2026-09-09T01:54:58.970Z","2026-09-09T01:54:59.062Z","true","3","50.0","FOOT|SPORTING|CONTRACT","B"
"cmtr8zqk60004v7yngepi6r3h","Dostonbek Khamdamov","294502","https://www.transfermarkt.com/dostonbek-khamdamov/profil/spieler/294502","true","Pakhtakor Tashkent","3718","Uzbekistan Super League","UZ1","Attack - Right Winger","WINGER","[""Left Winger"",""Attacking Midfield""]","true","BOTH","false","https://img.a.transfermarkt.technology/portrait/header/294502-1745333041.png?lm=4711","true","0","false","","false","2026-12-31T00:00:00.000Z","","true","true","1996-07-24T00:00:00.000Z","30","true","2026-09-08T13:42:14.211Z","2026-09-08T13:42:14.273Z","true","4","66.7","FOOT|SPORTING","C"
"cmtr8zqyo005jv7yntuszdlww","Dostonbek Tursunov","661764","https://www.transfermarkt.com/dostonbek-tursunov/profil/spieler/661764","true","Surkhon","65036","Uzbekistan Super League","UZ1","Midfield - Right Midfield","WINGER","[""Left-Back"",""Right-Back""]","true","BOTH","false","https://img.a.transfermarkt.technology/portrait/header/661764-1745336955.png?lm=4711","true","0","false","","false","2026-12-31T00:00:00.000Z","","true","true","2001-01-03T00:00:00.000Z","25","true","2026-09-09T01:55:04.205Z","2026-09-09T01:55:04.292Z","true","4","66.7","FOOT|SPORTING","C"
"cmtr8zr0r006qv7ynwaxpsrgp","Dragan Ceran","35976","https://www.transfermarkt.com/dragan-ceran/profil/spieler/35976","true","FC Andijon","20099","Uzbekistan Super League","UZ1","Attack - Centre-Forward","ST","[""Second Striker""]","true","LEFT","true","https://img.a.transfermarkt.technology/portrait/header/35976-1743417536.png?lm=4711","true","0","false","","false","2026-12-31T00:00:00.000Z","","true","true","1987-10-06T00:00:00.000Z","38","true","2026-09-09T01:55:09.322Z","2026-09-09T01:55:09.402Z","true","5","83.3","SPORTING","C"
"cmtr8zr32007kv7yn72o3cxal","Drago Bumbar","377846","https://www.transfermarkt.com/drago-bumbar/profil/spieler/377846","true","Mash'al","13649","Uzbekistan Super League","UZ1","Defender - Centre-Back","CB","[""Right-Back""]","true","RIGHT","true","https://img.a.transfermarkt.technology/portrait/header/377846-1784721860.png?lm=4711","true","0","false","","false","2026-12-31T00:00:00.000Z","","true","true","1997-11-10T00:00:00.000Z","28","true","2026-09-09T01:55:13.898Z","2026-09-09T01:55:13.983Z","true","5","83.3","SPORTING","C"
"cmtr8zqxb004qv7ynfyg63hud","Dzenan Zajmovic","278769","https://www.transfermarkt.com/dzenan-zajmovic/profil/spieler/278769","true","Sogdiana","35157","Uzbekistan Super League","UZ1","Attack - Centre-Forward","ST","[""Left Winger"",""Right Winger""]","true","LEFT","true","https://img.a.transfermarkt.technology/portrait/header/278769-1692371450.png?lm=4711","true","0","false","","false","2026-12-31T00:00:00.000Z","","true","true","1994-11-11T00:00:00.000Z","31","true","2026-09-09T01:55:19.458Z","2026-09-09T01:55:19.550Z","true","5","83.3","SPORTING","C"
"cmtr8zqyz005ov7ynvka01o3q","Dzhamaldin Khodzhaniyazov","262718","https://www.transfermarkt.com/dzhamaldin-khodzhaniyazov/profil/spieler/262718","true","Surkhon","65036","Uzbekistan Super League","UZ1","Defender - Centre-Back","CB","[""Left-Back"",""Defensive Midfield""]","true","LEFT","true","https://img.a.transfermarkt.technology/portrait/header/262718-1745337026.png?lm=4711","true","0","false","","false","2027-12-31T00:00:00.000Z","","true","true","1996-07-18T00:00:00.000Z","30","true","2026-09-09T01:55:25.189Z","2026-09-09T01:55:25.273Z","true","5","83.3","SPORTING","C"
"cmtr8zqqe001pv7ynby6l4vjg","Edem Nemanov","989032","https://www.transfermarkt.com/edem-nemanov/profil/spieler/989032","true","Dinamo","15300","Uzbekistan Super League","UZ1","Goalkeeper","GK","","true","UNKNOWN","false","https://img.a.transfermarkt.technology/portrait/header/989032-1745338869.png?lm=4711","true","0","false","","false","2026-12-31T00:00:00.000Z","","true","true","2003-12-25T00:00:00.000Z","22","true","2026-09-08T13:49:22.465Z","2026-09-08T13:49:22.611Z","true","4","66.7","FOOT|SPORTING","C"
"cmtr8zqy20055v7ynip2rqfbn","Elbek Otakulov","848899","https://www.transfermarkt.com/elbek-otakulov/profil/spieler/848899","true","Qizilqum","20115","Uzbekistan Super League","UZ1","","UNKNOWN","","false","UNKNOWN","false","","false","0","false","","false","","","false","true","","","false","","","false","1","16.7","ROLE|FOOT|PHOTO|SPORTING|CONTRACT","A"
"cmtr8zr31007jv7ynmnxqdjy1","Elbek Yulchiev","1256837","https://www.transfermarkt.com/elbek-yulchiev/profil/spieler/1256837","true","Kokand 1912","53299","Uzbekistan Super League","UZ1","","UNKNOWN","","false","UNKNOWN","false","","false","1","true","2026-09-07T19:07:18.268Z","true","","","false","true","","","false","","","false","2","33.3","ROLE|FOOT|PHOTO|CONTRACT","A"
"cmtr8zr0f006iv7ynlwabfh61","Eldor Adkhamov","519899","https://www.transfermarkt.com/eldor-adkhamov/profil/spieler/519899","true","FC Andijon","20099","Uzbekistan Super League","UZ1","","GK","","false","UNKNOWN","false","","false","0","false","","false","","","false","true","","","false","","","false","1","16.7","ROLE|FOOT|PHOTO|SPORTING|CONTRACT","A"
"cmtr8zqux003dv7ynq93vt92l","Eldorbek Begimov","630042","https://www.transfermarkt.com/eldorbek-begimov/profil/spieler/630042","true","Olmaliq","31216","Uzbekistan Super League","UZ1","Defender - Right-Back","UNKNOWN","[""Left-Back""]","true","UNKNOWN","false","","false","0","false","","false","","","false","true","2001-01-29T00:00:00.000Z","","true","","","false","2","33.3","FOOT|PHOTO|SPORTING|CONTRACT","A"
"cmtr8zr52008pv7yntryhntpm","Elzio Lohan","810626","https://www.transfermarkt.com/elzio-lohan/profil/spieler/810626","true","Xorazm FС","38976","Uzbekistan Super League","UZ1","","UNKNOWN","","false","UNKNOWN","false","","false","0","false","","false","","","false","true","","","false","","","false","1","16.7","ROLE|FOOT|PHOTO|SPORTING|CONTRACT","A"
"cmtr8zr3l007tv7ynkjco0cgn","Ergash Ismoilov","493262","https://www.transfermarkt.com/ergash-ismoilov/profil/spieler/493262","true","Mash'al","13649","Uzbekistan Super League","UZ1","","UNKNOWN","","false","UNKNOWN","false","","false","0","false","","false","","","false","true","","","false","","","false","1","16.7","ROLE|FOOT|PHOTO|SPORTING|CONTRACT","A"
"cmtr8zqsp002iv7ynbnhvs2tf","Fakhriddin Mukhammadov","989029","https://www.transfermarkt.com/fakhriddin-mukhammadov/profil/spieler/989029","true","Bunyodkor","19401","Uzbekistan Super League","UZ1","Midfield - Attacking Midfield","UNKNOWN","","true","UNKNOWN","false","","false","0","false","","false","2027-12-31T00:00:00.000Z","","true","true","2004-09-30T00:00:00.000Z","","true","","","false","3","50.0","FOOT|PHOTO|SPORTING","A"
"cmtr8zqy10054v7yn3vntr9x8","Farkhod Rakhmatov","883722","https://www.transfermarkt.com/farkhod-rakhmatov/profil/spieler/883722","true","Qizilqum","20115","Uzbekistan Super League","UZ1","","GK","","false","UNKNOWN","false","","false","0","false","","false","","","false","true","","","false","","","false","1","16.7","ROLE|FOOT|PHOTO|SPORTING|CONTRACT","A"
"cmtr8zr2k007av7ynkp8xhjii","Farkhod Sokhibzhonov","661066","https://www.transfermarkt.com/farkhod-sokhibzhonov/profil/spieler/661066","true","Kokand 1912","53299","Uzbekistan Super League","UZ1","","UNKNOWN","","false","UNKNOWN","false","","false","0","false","","false","","","false","true","","","false","","","false","1","16.7","ROLE|FOOT|PHOTO|SPORTING|CONTRACT","A"
"cmtr8zqyk005gv7ynsw852ldy","Farrukh Juraev","660296","https://www.transfermarkt.com/farrukh-juraev/profil/spieler/660296","true","Qizilqum","20115","Uzbekistan Super League","UZ1","","UNKNOWN","","false","UNKNOWN","false","","false","0","false","","false","","","false","true","","","false","","","false","1","16.7","ROLE|FOOT|PHOTO|SPORTING|CONTRACT","A"
"cmtqan4ad001m5rynvdgt0hp4","Farrukh Sayfiev","212499","https://www.transfermarkt.com/farrukh-sayfiev/profil/spieler/212499","true","Neftchi","13306","Uzbekistan Super League","UZ1","Defender - Left-Back","FB","[""Left Midfield"",""Right-Back""]","true","BOTH","false","https://img.a.transfermarkt.technology/portrait/header/212499-1745331595.png?lm=4711","true","0","false","","false","2026-12-31T00:00:00.000Z","","true","true","1991-01-17T00:00:00.000Z","35","true","2026-09-08T13:40:56.630Z","2026-09-08T13:40:57.054Z","true","4","66.7","FOOT|SPORTING","C"
"cmtr8zr4h008cv7ynhg8yuuuk","Farrukh Toshpulatov","1405283","https://www.transfermarkt.com/farrukh-toshpulatov/profil/spieler/1405283","true","Mash'al","13649","Uzbekistan Super League","UZ1","","UNKNOWN","","false","UNKNOWN","false","","false","0","false","","false","","","false","true","","","false","","","false","1","16.7","ROLE|FOOT|PHOTO|SPORTING|CONTRACT","A"
"cmtr8zqzh0060v7ynkc4u0uth","Farrukhjon Kodirov","1206135","https://www.transfermarkt.com/farrukhjon-kodirov/profil/spieler/1206135","true","Surkhon","65036","Uzbekistan Super League","UZ1","","UNKNOWN","","false","UNKNOWN","false","","false","2","true","2026-09-07T19:06:31.224Z","true","","","false","true","","","false","","","false","2","33.3","ROLE|FOOT|PHOTO|CONTRACT","A"
"cmtr8zr470086v7yn6y8h9spl","Farrukhzhon Ibrokhimov","518820","https://www.transfermarkt.com/farrukhzhon-ibrokhimov/profil/spieler/518820","true","Mash'al","13649","Uzbekistan Super League","UZ1","","UNKNOWN","","false","UNKNOWN","false","","false","0","false","","false","","","false","true","","","false","","","false","1","16.7","ROLE|FOOT|PHOTO|SPORTING|CONTRACT","A"
"cmtr8zqy50057v7ync7yu5dt3","Fayzullo Jumankuziev","820017","https://www.transfermarkt.com/fayzullo-jumankuziev/profil/spieler/820017","true","Qizilqum","20115","Uzbekistan Super League","UZ1","","FW","","false","UNKNOWN","false","","false","0","false","","false","","","false","true","","","false","","","false","1","16.7","ROLE|FOOT|PHOTO|SPORTING|CONTRACT","A"
"cmtqan4am001u5ryngahv947e","Fayzullo Nurmukhammadov","1004452","https://www.transfermarkt.com/fayzullo-nurmukhammadov/profil/spieler/1004452","true","Neftchi","13306","Uzbekistan Super League","UZ1","Defender - Centre-Back","CB","","true","UNKNOWN","false","https://img.a.transfermarkt.technology/portrait/header/default.jpg?lm=4711","true","1","true","2026-09-07T18:55:17.184Z","true","2026-12-31T00:00:00.000Z","","true","true","2005-02-27T00:00:00.000Z","21","true","2026-09-08T13:41:30.452Z","2026-09-08T13:41:32.521Z","true","5","83.3","FOOT","C"
"cmtr8zqs10028v7ynepgi694j","Federico Botti","548511","https://www.transfermarkt.com/federico-botti/profil/spieler/548511","true","Bunyodkor","19401","Uzbekistan Super League","UZ1","Goalkeeper","GK","","true","UNKNOWN","false","","false","1","true","2026-09-07T18:52:57.756Z","true","2026-12-31T00:00:00.000Z","","true","true","2002-06-20T00:00:00.000Z","","true","","","false","4","66.7","FOOT|PHOTO","C"
"cmtr8zqwm004av7yn1n5i0781","Filip Ivanovic","315092","https://www.transfermarkt.com/filip-ivanovic/profil/spieler/315092","true","Sogdiana","35157","Uzbekistan Super League","UZ1","","UNKNOWN","","false","UNKNOWN","false","","false","0","false","","false","","","false","true","","","false","","","false","1","16.7","ROLE|FOOT|PHOTO|SPORTING|CONTRACT","A"
"cmtr8zqpb001fv7ynsia2scy3","Firdavs Abdurakhmonov","1332994","https://www.transfermarkt.com/firdavs-abdurakhmonov/profil/spieler/1332994","true","Dinamo","15300","Uzbekistan Super League","UZ1","Attack - Centre-Forward","ST","","true","UNKNOWN","false","https://img.a.transfermarkt.technology/portrait/header/1332994-1745339867.png?lm=4711","true","2","true","2026-09-07T19:08:24.029Z","true","2027-12-31T00:00:00.000Z","","true","true","2005-08-21T00:00:00.000Z","21","true","2026-09-08T13:48:14.768Z","2026-09-08T13:48:14.838Z","true","5","83.3","FOOT","C"
"cmtr8zqki0009v7yntdwa50se","Flamarion","465858","https://www.transfermarkt.com/flamarion/profil/spieler/465858","true","Pakhtakor Tashkent","3718","Uzbekistan Super League","UZ1","Attack - Second Striker","ST","[""Left Winger"",""Right Winger""]","true","BOTH","false","https://img.a.transfermarkt.technology/portrait/header/465858-1745333072.png?lm=4711","true","0","false","","false","2026-12-31T00:00:00.000Z","","true","true","1996-07-30T00:00:00.000Z","30","true","2026-09-08T13:42:44.157Z","2026-09-08T13:42:44.237Z","true","4","66.7","FOOT|SPORTING","C"
"cmtr8zqvt003tv7ynt80uvobe","Giorgi Jgerenaia","208907","https://www.transfermarkt.com/giorgi-jgerenaia/profil/spieler/208907","true","Navbahor","15310","Uzbekistan Super League","UZ1","Defender - Centre-Back","UNKNOWN","[""Left-Back""]","true","LEFT","true","","false","1","true","2026-09-07T19:22:27.039Z","true","2026-12-31T00:00:00.000Z","","true","true","1993-12-28T00:00:00.000Z","","true","","","false","5","83.3","PHOTO","C"
"cmtr8zqup0039v7yn7nzbirft","Giorgi Papava","203722","https://www.transfermarkt.com/giorgi-papava/profil/spieler/203722","true","Olmaliq","31216","Uzbekistan Super League","UZ1","Midfield - Defensive Midfield","UNKNOWN","[""Centre-Back"",""Central Midfield""]","true","RIGHT","true","","false","1","true","2026-09-07T19:22:05.870Z","true","2026-12-31T00:00:00.000Z","","true","true","1993-02-16T00:00:00.000Z","","true","","","false","5","83.3","PHOTO","C"
"cmtr8zqxw0051v7ynd4qqj4od","Giyosdzhon Rizakulov","1180956","https://www.transfermarkt.com/giyosdzhon-rizakulov/profil/spieler/1180956","true","Qizilqum","20115","Uzbekistan Super League","UZ1","","UNKNOWN","","false","UNKNOWN","false","","false","2","true","2026-09-07T19:06:04.231Z","true","","","false","true","","","false","","","false","2","33.3","ROLE|FOOT|PHOTO|CONTRACT","A"
"cmtr8zqme000sv7ynz22esmwh","Golib Gaybullaev","500288","https://www.transfermarkt.com/golib-gaybullaev/profil/spieler/500288","true","Nasaf Qarshi","20591","Uzbekistan Super League","UZ1","Defender - Centre-Back","CB","[""Right-Back""]","true","RIGHT","true","https://img.a.transfermarkt.technology/portrait/header/500288-1743416783.png?lm=4711","true","0","false","","false","2026-12-31T00:00:00.000Z","","true","true","1996-01-22T00:00:00.000Z","30","true","2026-09-08T13:45:09.377Z","2026-09-08T13:45:10.468Z","true","5","83.3","SPORTING","C"
"cmtr8zqxl004wv7yn2uvmck48","Grigol Chabradze","250893","https://www.transfermarkt.com/grigol-chabradze/profil/spieler/250893","true","Qizilqum","20115","Uzbekistan Super League","UZ1","","UNKNOWN","","false","UNKNOWN","false","","false","0","false","","false","","","false","true","","","false","","","false","1","16.7","ROLE|FOOT|PHOTO|SPORTING|CONTRACT","A"
"cmtr8zr2v007gv7yniu2opa1w","Gulyamkhaydar Gulyamov","493437","https://www.transfermarkt.com/gulyamkhaydar-gulyamov/profil/spieler/493437","true","Kokand 1912","53299","Uzbekistan Super League","UZ1","","UNKNOWN","","false","UNKNOWN","false","","false","0","false","","false","","","false","true","","","false","","","false","1","16.7","ROLE|FOOT|PHOTO|SPORTING|CONTRACT","A"
"cmtr8zqp2001dv7ynw7kd8y2a","Haris Hajdarevic","399925","https://www.transfermarkt.com/haris-hajdarevic/profil/spieler/399925","true","Dinamo","15300","Uzbekistan Super League","UZ1","Midfield - Attacking Midfield","AM","[""Defensive Midfield"",""Central Midfield""]","true","RIGHT","true","https://img.a.transfermarkt.technology/portrait/header/399925-1747404842.JPG?lm=4711","true","0","false","","false","2027-12-31T00:00:00.000Z","","true","true","1998-10-07T00:00:00.000Z","27","true","2026-09-08T13:48:01.303Z","2026-09-08T13:48:01.380Z","true","5","83.3","SPORTING","C"
"cmtr671gr00cp33yngs7q8exv","Husanboy Umirzoqov","seed:UZ1-2026-NEFTCHIF-020","seed://uz1/UZ1-2026-NEFTCHIF-020","false","Neftchi","13306","Uzbekistan Super League","UZ1","Midfielder","MF","","true","UNKNOWN","false","","false","0","false","","false","","","false","true","2005-12-24T00:00:00.000Z","","true","","","false","2","33.3","FOOT|PHOTO|SPORTING|CONTRACT","A"
"cmtr8zr3j007sv7yn1btjbkib","Ibrokhim Ganikhonov","492555","https://www.transfermarkt.com/ibrokhim-ganikhonov/profil/spieler/492555","true","Mash'al","13649","Uzbekistan Super League","UZ1","","UNKNOWN","","false","UNKNOWN","false","","false","0","false","","false","","","false","true","","","false","","","false","1","16.7","ROLE|FOOT|PHOTO|SPORTING|CONTRACT","A"
"cmtr8zqkx000ev7yn3519jsk3","Ibrokhim Ibrokhimov","630010","https://www.transfermarkt.com/ibrokhim-ibrokhimov/profil/spieler/630010","true","Pakhtakor Tashkent","3718","Uzbekistan Super League","UZ1","Midfield - Central Midfield","CM","[""Attacking Midfield""]","true","UNKNOWN","false","https://img.a.transfermarkt.technology/portrait/header/630010-1745332924.png?lm=4711","true","0","false","","false","2026-12-31T00:00:00.000Z","","true","true","2001-01-12T00:00:00.000Z","25","true","2026-09-08T13:43:18.176Z","2026-09-08T13:43:18.505Z","true","4","66.7","FOOT|SPORTING","C"
"cmtr8zr2b0076v7yng12eh7sc","Ibrokhim Yuldoshev","632712","https://www.transfermarkt.com/ibrokhim-yuldoshev/profil/spieler/632712","true","Kokand 1912","53299","Uzbekistan Super League","UZ1","","UNKNOWN","","false","UNKNOWN","false","","false","0","false","","false","","","false","true","","","false","","","false","1","16.7","ROLE|FOOT|PHOTO|SPORTING|CONTRACT","A"
"cmtqan498000o5ryno60hgxvj","Ibrokhimkhalil Yuldoshev","704545","https://www.transfermarkt.com/ibrokhimkhalil-yuldoshev/profil/spieler/704545","true","Neftchi","13306","Uzbekistan Super League","UZ1","Defender - Left-Back","FB","[""Left Midfield""]","true","LEFT","true","https://img.a.transfermarkt.technology/portrait/header/704545-1745331492.png?lm=4711","true","0","false","","false","2027-12-31T00:00:00.000Z","","true","true","2001-02-14T00:00:00.000Z","25","true","2026-09-08T13:39:18.356Z","2026-09-08T13:39:18.417Z","true","5","83.3","SPORTING","C"
"cmtr8zr3r007xv7yndy63sym2","Ifeanyi Ifeanyi","364298","https://www.transfermarkt.com/ifeanyi-ifeanyi/profil/spieler/364298","true","Mash'al","13649","Uzbekistan Super League","UZ1","","UNKNOWN","","false","UNKNOWN","false","","false","0","false","","false","","","false","true","","","false","","","false","1","16.7","ROLE|FOOT|PHOTO|SPORTING|CONTRACT","A"
"cmtr8zqwv004gv7yno5991bjn","Igor Golban","128936","https://www.transfermarkt.com/igor-golban/profil/spieler/128936","true","Sogdiana","35157","Uzbekistan Super League","UZ1","","UNKNOWN","","false","UNKNOWN","false","","false","1","true","2026-09-07T19:08:02.685Z","true","","","false","true","","","false","","","false","2","33.3","ROLE|FOOT|PHOTO|CONTRACT","A"
"cmtr8zr2e0077v7ynyc8ippbq","Ikboljon Malikjonov","501829","https://www.transfermarkt.com/ikboljon-malikjonov/profil/spieler/501829","true","Kokand 1912","53299","Uzbekistan Super League","UZ1","Midfield - Defensive Midfield","DM","[""Right Midfield"",""Centre-Back""]","true","RIGHT","true","https://img.a.transfermarkt.technology/portrait/header/501829-1745493693.png?lm=4711","true","0","false","","false","2026-12-31T00:00:00.000Z","","true","true","1995-11-08T00:00:00.000Z","30","true","2026-09-08T23:26:27.934Z","","true","5","83.3","SPORTING","C"
"cmtqan4a7001g5rynczvoq36d","Ikromzhon Alibaev","311898","https://www.transfermarkt.com/ikromzhon-alibaev/profil/spieler/311898","true","Neftchi","13306","Uzbekistan Super League","UZ1","Midfield - Central Midfield","CM","[""Defensive Midfield"",""Attacking Midfield""]","true","UNKNOWN","false","https://img.a.transfermarkt.technology/portrait/header/311898-1745331796.png?lm=4711","true","0","false","","false","2027-12-31T00:00:00.000Z","","true","true","1994-01-09T00:00:00.000Z","32","true","2026-09-08T13:40:38.485Z","2026-09-08T13:40:38.552Z","true","4","66.7","FOOT|SPORTING","C"
"cmtr8zr3v007zv7yn33dduhoi","Ilkhomzhon Abduganiev","1002472","https://www.transfermarkt.com/ilkhomzhon-abduganiev/profil/spieler/1002472","true","Mash'al","13649","Uzbekistan Super League","UZ1","","UNKNOWN","","false","UNKNOWN","false","","false","2","true","2026-09-07T18:55:05.218Z","true","","","false","true","","","false","","","false","2","33.3","ROLE|FOOT|PHOTO|CONTRACT","A"
"cmtr8zqyj005fv7yn7jn7woks","Ilkhomzhon Kenzhaev","660294","https://www.transfermarkt.com/ilkhomzhon-kenzhaev/profil/spieler/660294","true","Qizilqum","20115","Uzbekistan Super League","UZ1","","UNKNOWN","","false","UNKNOWN","false","","false","0","false","","false","","","false","true","","","false","","","false","1","16.7","ROLE|FOOT|PHOTO|SPORTING|CONTRACT","A"
"cmtr8zqxy0052v7ynicn5eke6","Ilkhomzhon Vakhobov","845300","https://www.transfermarkt.com/ilkhomzhon-vakhobov/profil/spieler/845300","true","Qizilqum","20115","Uzbekistan Super League","UZ1","","UNKNOWN","","false","UNKNOWN","false","","false","0","false","","false","","","false","true","","","false","","","false","1","16.7","ROLE|FOOT|PHOTO|SPORTING|CONTRACT","A"
"cmtr8zr8f00akv7ynigzdye7o","Ilya Jelicic","1384805","https://www.transfermarkt.com/ilya-jelicic/profil/spieler/1384805","true","Loko Tashkent","15309","Uzbekistan Super League","UZ1","","UNKNOWN","","false","UNKNOWN","false","","false","2","true","2026-09-07T19:09:00.631Z","true","","","false","true","","","false","","","false","2","33.3","ROLE|FOOT|PHOTO|CONTRACT","A"
"cmtr8zr0d006hv7ynvg0sh5q7","Imeda Ashortia","411193","https://www.transfermarkt.com/imeda-ashortia/profil/spieler/411193","true","FC Andijon","20099","Uzbekistan Super League","UZ1","","UNKNOWN","","false","UNKNOWN","false","","false","0","false","","false","","","false","true","","","false","","","false","1","16.7","ROLE|FOOT|PHOTO|SPORTING|CONTRACT","A"
"cmtr8zqsm002hv7ynq6rsnxce","Islom Anvarov","1146592","https://www.transfermarkt.com/islom-anvarov/profil/spieler/1146592","true","Bunyodkor","19401","Uzbekistan Super League","UZ1","Defender - Left-Back","UNKNOWN","","true","UNKNOWN","false","","false","2","true","2026-09-07T19:05:38.142Z","true","2027-12-31T00:00:00.000Z","","true","true","2006-04-19T00:00:00.000Z","","true","","","false","4","66.7","FOOT|PHOTO","C"
"cmtr8zqxg004tv7ynlmqoi0yg","Islom Kenjaboev","485501","https://www.transfermarkt.com/islom-kenjaboev/profil/spieler/485501","true","Qizilqum","20115","Uzbekistan Super League","UZ1","","UNKNOWN","","false","UNKNOWN","false","","false","0","false","","false","","","false","true","","","false","","","false","1","16.7","ROLE|FOOT|PHOTO|SPORTING|CONTRACT","A"
"cmtr8zr0z006vv7yncl96jjcw","Islom Tukhtakhuzhaev","102683","https://www.transfermarkt.com/islom-tukhtakhuzhaev/profil/spieler/102683","true","FC Andijon","20099","Uzbekistan Super League","UZ1","","DF","","false","UNKNOWN","false","","false","2","true","2026-09-07T18:55:50.799Z","true","","","false","true","","","false","","","false","2","33.3","ROLE|FOOT|PHOTO|CONTRACT","A"
"cmtr8zr6q009lv7ynt0efkqov","Islombek Baratov","756951","https://www.transfermarkt.com/islombek-baratov/profil/spieler/756951","true","FC Buxoro","20151","Uzbekistan Super League","UZ1","","UNKNOWN","","false","UNKNOWN","false","","false","0","false","","false","","","false","true","","","false","","","false","1","16.7","ROLE|FOOT|PHOTO|SPORTING|CONTRACT","A"
"cmtr8zqvw003vv7ynk1vdvpxn","Islombek Mamatkazin","757312","https://www.transfermarkt.com/islombek-mamatkazin/profil/spieler/757312","true","Navbahor","15310","Uzbekistan Super League","UZ1","Defender - Centre-Back","UNKNOWN","","true","UNKNOWN","false","","false","0","false","","false","2026-12-31T00:00:00.000Z","","true","true","2002-12-22T00:00:00.000Z","","true","","","false","3","50.0","FOOT|PHOTO|SPORTING","A"
"cmtr8zqwd0045v7ynj4im4xjj","Islomzhon Kobilov","486760","https://www.transfermarkt.com/islomzhon-kobilov/profil/spieler/486760","true","Sogdiana","35157","Uzbekistan Super League","UZ1","","DF","","false","UNKNOWN","false","","false","0","false","","false","","","false","true","","","false","","","false","1","16.7","ROLE|FOOT|PHOTO|SPORTING|CONTRACT","A"
"cmtr8zr5z0094v7ynszuq3awt","Ismandiyor Ummatov","1197198","https://www.transfermarkt.com/ismandiyor-ummatov/profil/spieler/1197198","true","Xorazm FС","38976","Uzbekistan Super League","UZ1","","UNKNOWN","","false","UNKNOWN","false","","false","1","true","2026-09-07T19:06:15.005Z","true","","","false","true","","","false","","","false","2","33.3","ROLE|FOOT|PHOTO|CONTRACT","A"
"cmtr8zqtk002rv7ynb5bgeywh","Ivan Bukrin","1546845","https://www.transfermarkt.com/ivan-bukrin/profil/spieler/1546845","true","Bunyodkor","19401","Uzbekistan Super League","UZ1","Defender - Left-Back","UNKNOWN","","true","UNKNOWN","false","","false","1","true","2026-09-07T19:21:04.114Z","true","","","false","true","2008-06-22T00:00:00.000Z","","true","","","false","3","50.0","FOOT|PHOTO|CONTRACT","A"
"cmtr8zqur003av7ynewt1fdbk","Ivan Pesic","115133","https://www.transfermarkt.com/ivan-pesic/profil/spieler/115133","true","Olmaliq","31216","Uzbekistan Super League","UZ1","Attack - Left Winger","UNKNOWN","[""Centre-Forward"",""Right Winger""]","true","RIGHT","true","","false","1","true","2026-09-07T19:05:47.816Z","true","2026-12-31T00:00:00.000Z","","true","true","1992-04-06T00:00:00.000Z","","true","","","false","5","83.3","PHOTO","C"
"cmtr8zr3n007uv7yn2xdms31v","Izzatillo Abdulkhakov","881803","https://www.transfermarkt.com/izzatillo-abdulkhakov/profil/spieler/881803","true","Mash'al","13649","Uzbekistan Super League","UZ1","","UNKNOWN","","false","UNKNOWN","false","","false","0","false","","false","","","false","true","","","false","","","false","1","16.7","ROLE|FOOT|PHOTO|SPORTING|CONTRACT","A"
"cmtqan4af001o5ryn79qayk8g","Izzatillo Pulatov","989072","https://www.transfermarkt.com/izzatillo-pulatov/profil/spieler/989072","true","Neftchi","13306","Uzbekistan Super League","UZ1","Defender - Right-Back","FB","[""Right Midfield""]","true","RIGHT","true","https://img.a.transfermarkt.technology/portrait/header/989072-1745409019.png?lm=4711","true","0","false","","false","2028-12-31T00:00:00.000Z","","true","true","2003-06-15T00:00:00.000Z","23","true","2026-09-08T13:41:06.747Z","2026-09-08T13:41:06.811Z","true","5","83.3","SPORTING","C"
"cmtr8zqy40056v7ynx134ff10","Jaba Jigauri","188184","https://www.transfermarkt.com/jaba-jigauri/profil/spieler/188184","true","Qizilqum","20115","Uzbekistan Super League","UZ1","Midfield - Attacking Midfield","AM","[""Right Winger"",""Left Winger""]","true","RIGHT","true","https://img.a.transfermarkt.technology/portrait/header/188184-1745404713.png?lm=4711","true","1","true","2026-09-07T19:21:28.553Z","true","2026-12-31T00:00:00.000Z","","true","true","1992-07-08T00:00:00.000Z","34","true","2026-09-09T01:12:00.221Z","","true","6","100.0","","D"
"cmtr671jn00jn33yn1h60rrej","Jahongir Hoshimboyev","seed:UZ1-2026-LOKOMOTI-009","seed://uz1/UZ1-2026-LOKOMOTI-009","false","Loko Tashkent","15309","Uzbekistan Super League","UZ1","Midfielder","MF","","true","UNKNOWN","false","","false","0","false","","false","","","false","true","2006-03-22T00:00:00.000Z","","true","","","false","2","33.3","FOOT|PHOTO|SPORTING|CONTRACT","A"
"cmtr8zqps001kv7ynaabg9nor","Jakhongir Abdusalomov","614028","https://www.transfermarkt.com/jakhongir-abdusalomov/profil/spieler/614028","true","Dinamo","15300","Uzbekistan Super League","UZ1","Midfield - Attacking Midfield","AM","[""Centre-Forward"",""Second Striker""]","true","UNKNOWN","false","https://img.a.transfermarkt.technology/portrait/header/614028-1745337423.png?lm=4711","true","0","false","","false","2026-12-31T00:00:00.000Z","","true","true","1999-05-21T00:00:00.000Z","27","true","2026-09-08T13:48:48.870Z","2026-09-08T13:48:48.943Z","true","4","66.7","FOOT|SPORTING","C"
"cmtr8zqpp001jv7yndj4xkwj8","Jaloliddin Jumaboev","661081","https://www.transfermarkt.com/jaloliddin-jumaboev/profil/spieler/661081","true","Dinamo","15300","Uzbekistan Super League","UZ1","Defender - Centre-Back","CB","[""Right-Back"",""Left-Back""]","true","RIGHT","true","https://img.a.transfermarkt.technology/portrait/header/661081-1745339206.png?lm=4711","true","0","false","","false","2026-12-31T00:00:00.000Z","","true","true","2000-02-19T00:00:00.000Z","26","true","2026-09-08T13:48:41.961Z","2026-09-08T13:48:42.022Z","true","5","83.3","SPORTING","C"
"cmtr8zqwa0044v7ynwoh6nap4","Jamshid Boltaboev","288887","https://www.transfermarkt.com/jamshid-boltaboev/profil/spieler/288887","true","Sogdiana","35157","Uzbekistan Super League","UZ1","Midfield - Defensive Midfield","UNKNOWN","[""Attacking Midfield"",""Right-Back""]","true","RIGHT","true","","false","0","false","","false","2026-12-31T00:00:00.000Z","","true","true","1996-10-03T00:00:00.000Z","","true","","","false","4","66.7","PHOTO|SPORTING","C"
"cmtqan490000k5rynifp3qdv4","Jamshid Iskanderov","260857","https://www.transfermarkt.com/jamshid-iskanderov/profil/spieler/260857","true","Neftchi","13306","Uzbekistan Super League","UZ1","Midfield - Attacking Midfield","UNKNOWN","[""Left Winger"",""Right Winger""]","true","LEFT","true","","false","1","true","2026-09-06T20:58:34.042Z","true","2026-12-31T00:00:00.000Z","","true","true","1993-10-16T00:00:00.000Z","32","true","2026-09-06T20:58:23.268Z","","true","5","83.3","PHOTO","C"
"cmtr8zr7g00a0v7ynt8gx3js2","Jasur Yakhshiboev","493692","https://www.transfermarkt.com/jasur-yakhshiboev/profil/spieler/493692","true","Loko Tashkent","15309","Uzbekistan Super League","UZ1","","UNKNOWN","","false","UNKNOWN","false","","false","0","false","","false","","","false","true","","","false","","","false","1","16.7","ROLE|FOOT|PHOTO|SPORTING|CONTRACT","A"
"cmtr8zr270074v7yntj761og1","Jasur Yakubov","660654","https://www.transfermarkt.com/jasur-yakubov/profil/spieler/660654","true","Kokand 1912","53299","Uzbekistan Super League","UZ1","","UNKNOWN","","false","UNKNOWN","false","","false","0","false","","false","","","false","true","","","false","","","false","1","16.7","ROLE|FOOT|PHOTO|SPORTING|CONTRACT","A"
"cmtr8zqvf003nv7ynpolemzhf","Jasurbek Jaloliddinov","603416","https://www.transfermarkt.com/jasurbek-jaloliddinov/profil/spieler/603416","true","Navbahor","15310","Uzbekistan Super League","UZ1","Midfield - Attacking Midfield","UNKNOWN","[""Right Winger"",""Central Midfield""]","true","LEFT","true","","false","0","false","","false","2027-12-31T00:00:00.000Z","","true","true","2002-05-15T00:00:00.000Z","","true","","","false","4","66.7","PHOTO|SPORTING","C"
"cmtr8zqtw002wv7yn19x46poz","Javokhir Ilyosov","492562","https://www.transfermarkt.com/javokhir-ilyosov/profil/spieler/492562","true","Olmaliq","31216","Uzbekistan Super League","UZ1","Goalkeeper","GK","","true","RIGHT","true","","false","0","false","","false","","","false","true","1994-02-06T00:00:00.000Z","","true","","","false","3","50.0","PHOTO|SPORTING|CONTRACT","A"
"cmtr8zqwh0047v7ynuknt1oos","Javokhir Kakhramonov","494128","https://www.transfermarkt.com/javokhir-kakhramonov/profil/spieler/494128","true","Sogdiana","35157","Uzbekistan Super League","UZ1","","UNKNOWN","","false","UNKNOWN","false","","false","0","false","","false","","","false","true","","","false","","","false","1","16.7","ROLE|FOOT|PHOTO|SPORTING|CONTRACT","A"
"cmtr8zr290075v7ynph0698vl","Javokhir Khusanov","918837","https://www.transfermarkt.com/javokhir-khusanov/profil/spieler/918837","true","Kokand 1912","53299","Uzbekistan Super League","UZ1","","UNKNOWN","","false","UNKNOWN","false","","false","0","false","","false","","","false","true","","","false","","","false","1","16.7","ROLE|FOOT|PHOTO|SPORTING|CONTRACT","A"
"cmtr8zr670099v7yntjy69q14","Javokhir Ruziev","1130739","https://www.transfermarkt.com/javokhir-ruziev/profil/spieler/1130739","true","FC Buxoro","20151","Uzbekistan Super League","UZ1","","MF","","false","UNKNOWN","false","","false","1","true","2026-09-07T18:59:04.674Z","true","","","false","true","","","false","","","false","2","33.3","ROLE|FOOT|PHOTO|CONTRACT","A"
"cmtr8zr15006yv7yn3cvrhkqr","Javokhir Sidikov","288957","https://www.transfermarkt.com/javokhir-sidikov/profil/spieler/288957","true","Kokand 1912","53299","Uzbekistan Super League","UZ1","","UNKNOWN","","false","UNKNOWN","false","","false","0","false","","false","","","false","true","","","false","","","false","1","16.7","ROLE|FOOT|PHOTO|SPORTING|CONTRACT","A"
"cmtr8zr4e008av7yn8wm949ja","Javokhir Ubaydullaev","1436682","https://www.transfermarkt.com/javokhir-ubaydullaev/profil/spieler/1436682","true","Mash'al","13649","Uzbekistan Super League","UZ1","","UNKNOWN","","false","UNKNOWN","false","","false","0","false","","false","","","false","true","","","false","","","false","1","16.7","ROLE|FOOT|PHOTO|SPORTING|CONTRACT","A"
"cmtr8zqv8003jv7ynj1nnnr1w","Joel Kojo","571337","https://www.transfermarkt.com/joel-kojo/profil/spieler/571337","true","Navbahor","15310","Uzbekistan Super League","UZ1","Attack - Centre-Forward","UNKNOWN","","true","RIGHT","true","","false","0","false","","false","2026-12-31T00:00:00.000Z","","true","true","1998-08-21T00:00:00.000Z","","true","","","false","4","66.7","PHOTO|SPORTING","C"
"cmtqan49v00165ryn4gj2pbnt","Jovan Djokic","196448","https://www.transfermarkt.com/jovan-djokic/profil/spieler/196448","true","Neftchi","13306","Uzbekistan Super League","UZ1","Midfield - Defensive Midfield","DM","[""Central Midfield"",""Centre-Back""]","true","RIGHT","true","https://img.a.transfermarkt.technology/portrait/header/196448-1745331764.png?lm=4711","true","1","true","2026-09-07T19:22:00.731Z","true","2026-12-31T00:00:00.000Z","","true","true","1992-08-13T00:00:00.000Z","34","true","2026-09-08T13:40:12.381Z","2026-09-08T13:40:12.452Z","true","6","100.0","","D"
"cmtr8zr78009wv7ynbhzv928a","Jovan Nisic","343958","https://www.transfermarkt.com/jovan-nisic/profil/spieler/343958","true","Loko Tashkent","15309","Uzbekistan Super League","UZ1","","UNKNOWN","","false","UNKNOWN","false","","false","0","false","","false","","","false","true","","","false","","","false","1","16.7","ROLE|FOOT|PHOTO|SPORTING|CONTRACT","A"
"cmtr8zqzz0069v7yn71jn0e6u","Kamronbek Ergashev","1522799","https://www.transfermarkt.com/kamronbek-ergashev/profil/spieler/1522799","true","Surkhon","65036","Uzbekistan Super League","UZ1","","UNKNOWN","","false","UNKNOWN","false","","false","1","true","2026-09-07T19:20:37.448Z","true","","","false","true","","","false","","","false","2","33.3","ROLE|FOOT|PHOTO|CONTRACT","A"
"cmtr8zqzi0061v7ynljz3bt8k","Kamronbek Yusupov","1106183","https://www.transfermarkt.com/kamronbek-yusupov/profil/spieler/1106183","true","Surkhon","65036","Uzbekistan Super League","UZ1","","UNKNOWN","","false","UNKNOWN","false","","false","2","true","2026-09-07T18:58:22.704Z","true","","","false","true","","","false","","","false","2","33.3","ROLE|FOOT|PHOTO|CONTRACT","A"
"cmtr8zqu3002zv7yn2mkqnge7","Khamidullo Abdunabiev","661763","https://www.transfermarkt.com/khamidullo-abdunabiev/profil/spieler/661763","true","Olmaliq","31216","Uzbekistan Super League","UZ1","Goalkeeper","GK","","true","UNKNOWN","false","","false","0","false","","false","2027-12-31T00:00:00.000Z","","true","true","2002-08-20T00:00:00.000Z","","true","","","false","3","50.0","FOOT|PHOTO|SPORTING","A"
"cmtr8zr11006wv7yn5x52wso2","Khamidullo Karimov","1004465","https://www.transfermarkt.com/khamidullo-karimov/profil/spieler/1004465","true","FC Andijon","20099","Uzbekistan Super League","UZ1","","UNKNOWN","","false","UNKNOWN","false","","false","2","true","2026-09-07T18:55:26.396Z","true","","","false","true","","","false","","","false","2","33.3","ROLE|FOOT|PHOTO|CONTRACT","A"
"cmtr8zqul0037v7ynbr7xmoay","Khazrat Tursunkulov","659922","https://www.transfermarkt.com/khazrat-tursunkulov/profil/spieler/659922","true","Olmaliq","31216","Uzbekistan Super League","UZ1","Midfield - Central Midfield","UNKNOWN","[""Defensive Midfield""]","true","LEFT","true","","false","0","false","","false","2027-12-31T00:00:00.000Z","","true","true","1999-05-31T00:00:00.000Z","","true","","","false","4","66.7","PHOTO|SPORTING","C"
"cmtr8zqph001hv7yns2mlt1v7","Khislat Khalilov","991060","https://www.transfermarkt.com/khislat-khalilov/profil/spieler/991060","true","Dinamo","15300","Uzbekistan Super League","UZ1","Midfield - Left Midfield","WINGER","[""Right Midfield"",""Attacking Midfield""]","true","LEFT","true","https://img.a.transfermarkt.technology/portrait/header/991060-1745339318.png?lm=4711","true","0","false","","false","2026-11-30T00:00:00.000Z","","true","true","2003-07-02T00:00:00.000Z","23","true","2026-09-08T13:48:26.911Z","2026-09-08T13:48:26.978Z","true","5","83.3","SPORTING","C"
"cmtr8zqwu004fv7ynacqurc8r","Khondamir Mustafokulov","1209192","https://www.transfermarkt.com/khondamir-mustafokulov/profil/spieler/1209192","true","Sogdiana","35157","Uzbekistan Super League","UZ1","","UNKNOWN","","false","UNKNOWN","false","","false","2","true","2026-09-07T19:06:48.183Z","true","","","false","true","","","false","","","false","2","33.3","ROLE|FOOT|PHOTO|CONTRACT","A"
"cmtr8zqk00001v7ynudrokspi","Khozhiakbar Alizhonov","492558","https://www.transfermarkt.com/khozhiakbar-alizhonov/profil/spieler/492558","true","Pakhtakor Tashkent","3718","Uzbekistan Super League","UZ1","Defender - Right-Back","FB","[""Centre-Back"",""Left-Back""]","true","RIGHT","true","https://img.a.transfermarkt.technology/portrait/header/492558-1745332442.png?lm=4711","true","0","false","","false","2027-12-31T00:00:00.000Z","","true","true","1997-04-19T00:00:00.000Z","29","true","2026-09-08T13:41:54.189Z","2026-09-08T13:41:54.261Z","true","5","83.3","SPORTING","C"
"cmtr8zqk40003v7yn85kaz9iq","Khozhimat Erkinov","630015","https://www.transfermarkt.com/khozhimat-erkinov/profil/spieler/630015","true","Pakhtakor Tashkent","3718","Uzbekistan Super League","UZ1","Attack - Left Winger","WINGER","[""Left Midfield"",""Right Winger""]","true","BOTH","false","https://img.a.transfermarkt.technology/portrait/header/630015-1759064626.png?lm=4711","true","0","false","","false","2026-12-31T00:00:00.000Z","","true","true","2001-05-29T00:00:00.000Z","25","true","2026-09-08T13:42:05.328Z","2026-09-08T13:42:05.497Z","true","4","66.7","FOOT|SPORTING","C"
"cmtr8zr34007lv7ynp3r6hx15","Khumoyun Murtazoev","492573","https://www.transfermarkt.com/khumoyun-murtazoev/profil/spieler/492573","true","Mash'al","13649","Uzbekistan Super League","UZ1","","FW","","false","UNKNOWN","false","","false","0","false","","false","","","false","true","","","false","","","false","1","16.7","ROLE|FOOT|PHOTO|SPORTING|CONTRACT","A"
"cmtr8zqyx005nv7ynvqyhgike","Khumoyun Sherbutaev","754038","https://www.transfermarkt.com/khumoyun-sherbutaev/profil/spieler/754038","true","Surkhon","65036","Uzbekistan Super League","UZ1","","UNKNOWN","","false","UNKNOWN","false","","false","0","false","","false","","","false","true","","","false","","","false","1","16.7","ROLE|FOOT|PHOTO|SPORTING|CONTRACT","A"
"cmtr8zr0q006pv7yn4ibm9ixi","Khumoyunmirzo Iminov","651333","https://www.transfermarkt.com/khumoyunmirzo-iminov/profil/spieler/651333","true","FC Andijon","20099","Uzbekistan Super League","UZ1","","UNKNOWN","","false","UNKNOWN","false","","false","0","false","","false","","","false","true","","","false","","","false","1","16.7","ROLE|FOOT|PHOTO|SPORTING|CONTRACT","A"
"cmtr8zqyh005ev7ynal1u84h9","Khumoyunshokh Sayyotov","989033","https://www.transfermarkt.com/khumoyunshokh-sayyotov/profil/spieler/989033","true","Qizilqum","20115","Uzbekistan Super League","UZ1","","GK","","false","UNKNOWN","false","","false","0","false","","false","","","false","true","","","false","","","false","1","16.7","ROLE|FOOT|PHOTO|SPORTING|CONTRACT","A"
"cmtqan49d000s5ryns5rlie6r","Khurshid Giyosov","375957","https://www.transfermarkt.com/khurshid-giyosov/profil/spieler/375957","true","Neftchi","13306","Uzbekistan Super League","UZ1","Attack - Left Winger","WINGER","[""Right Winger"",""Second Striker""]","true","RIGHT","true","https://img.a.transfermarkt.technology/portrait/header/375957-1726298717.png?lm=4711","true","0","false","","false","2027-12-31T00:00:00.000Z","","true","true","1995-04-13T00:00:00.000Z","31","true","2026-09-08T13:39:30.391Z","2026-09-08T13:39:30.889Z","true","5","83.3","SPORTING","C"
"cmtr8zr6n009jv7yn2snjxpkz","Khurshidbek Mukhtorov","423565","https://www.transfermarkt.com/khurshidbek-mukhtorov/profil/spieler/423565","true","FC Buxoro","20151","Uzbekistan Super League","UZ1","","UNKNOWN","","false","UNKNOWN","false","","false","0","false","","false","","","false","true","","","false","","","false","1","16.7","ROLE|FOOT|PHOTO|SPORTING|CONTRACT","A"
"cmtr8zqv3003gv7yndc4vwm3i","Khusayin Norchaev","704549","https://www.transfermarkt.com/khusayin-norchaev/profil/spieler/704549","true","Navbahor","15310","Uzbekistan Super League","UZ1","Attack - Centre-Forward","FW","[""Right Winger"",""Left Winger""]","true","LEFT","true","","false","0","false","","false","2026-12-31T00:00:00.000Z","","true","true","2002-02-06T00:00:00.000Z","","true","","","false","4","66.7","PHOTO|SPORTING","C"
"cmtr8zqoa0017v7ynvo1e76sc","Kingsley Sokari","316072","https://www.transfermarkt.com/kingsley-sokari/profil/spieler/316072","true","Nasaf Qarshi","20591","Uzbekistan Super League","UZ1","Midfield - Defensive Midfield","DM","[""Central Midfield""]","true","RIGHT","true","https://img.a.transfermarkt.technology/portrait/header/316072-1777786854.png?lm=4711","true","0","false","","false","2026-07-30T00:00:00.000Z","","true","true","1995-05-30T00:00:00.000Z","31","true","2026-09-08T13:47:14.824Z","2026-09-08T13:47:14.931Z","true","5","83.3","SPORTING","C"
"cmtr8zr6s009mv7yn8hmbl8q1","Kirill Todorov","763054","https://www.transfermarkt.com/kirill-todorov/profil/spieler/763054","true","FC Buxoro","20151","Uzbekistan Super League","UZ1","","UNKNOWN","","false","UNKNOWN","false","","false","0","false","","false","","","false","true","","","false","","","false","1","16.7","ROLE|FOOT|PHOTO|SPORTING|CONTRACT","A"
"cmtqan48s000i5rynfml7rctj","Koffi Kouao","481513","https://www.transfermarkt.com/koffi-kouao/profil/spieler/481513","true","Neftchi","13306","Uzbekistan Super League","UZ1","Defender - Right-Back","UNKNOWN","[""Right Midfield"",""Left-Back""]","true","RIGHT","true","","false","2","true","2026-09-06T20:59:31.800Z","true","2027-12-31T00:00:00.000Z","","true","true","1998-05-20T00:00:00.000Z","28","true","2026-09-06T20:59:27.323Z","","true","5","83.3","PHOTO","C"
"cmtr8zr3o007vv7yne7i0eour","Komilzhon Tozhidinov","659936","https://www.transfermarkt.com/komilzhon-tozhidinov/profil/spieler/659936","true","Mash'al","13649","Uzbekistan Super League","UZ1","","UNKNOWN","","false","UNKNOWN","false","","false","0","false","","false","","","false","true","","","false","","","false","1","16.7","ROLE|FOOT|PHOTO|SPORTING|CONTRACT","A"
"cmtr8zr7r00a7v7ynt7dzyxl8","Kuvonch Abraev","1109162","https://www.transfermarkt.com/kuvonch-abraev/profil/spieler/1109162","true","Loko Tashkent","15309","Uzbekistan Super League","UZ1","","UNKNOWN","","false","UNKNOWN","false","","false","1","true","2026-09-07T18:58:32.626Z","true","","","false","true","","","false","","","false","2","33.3","ROLE|FOOT|PHOTO|CONTRACT","A"
"cmtr8zqnc000zv7yndik41stu","Kuvonchbek Khushvaktov","1513082","https://www.transfermarkt.com/kuvonchbek-khushvaktov/profil/spieler/1513082","true","Nasaf Qarshi","20591","Uzbekistan Super League","UZ1","Defender - Centre-Back","CB","","true","UNKNOWN","false","https://img.a.transfermarkt.technology/portrait/header/1513082-1777437528.png?lm=4711","true","1","true","2026-09-07T19:20:16.875Z","true","2028-12-31T00:00:00.000Z","","true","true","2006-04-14T00:00:00.000Z","20","true","2026-09-08T13:46:18.862Z","2026-09-08T13:46:19.860Z","true","5","83.3","FOOT","C"
"cmtr8zr6h009fv7ynyl56y3m0","Kuvondik Ruziev","423566","https://www.transfermarkt.com/kuvondik-ruziev/profil/spieler/423566","true","FC Buxoro","20151","Uzbekistan Super League","UZ1","","UNKNOWN","","false","UNKNOWN","false","","false","0","false","","false","","","false","true","","","false","","","false","1","16.7","ROLE|FOOT|PHOTO|SPORTING|CONTRACT","A"
"cmtr8zqw70042v7yn5i2ctzmw","Ljupco Doriev","329200","https://www.transfermarkt.com/ljupco-doriev/profil/spieler/329200","true","Sogdiana","35157","Uzbekistan Super League","UZ1","Attack - Left Winger","MF","[""Right Winger"",""Second Striker""]","true","RIGHT","true","","false","0","false","","false","2030-12-31T00:00:00.000Z","","true","true","1995-09-13T00:00:00.000Z","","true","","","false","4","66.7","PHOTO|SPORTING","C"
"cmtr8zr4c0089v7ynkbvy4c3a","Makhmud Jurabaev","1061535","https://www.transfermarkt.com/makhmud-jurabaev/profil/spieler/1061535","true","Mash'al","13649","Uzbekistan Super League","UZ1","","UNKNOWN","","false","UNKNOWN","false","","false","2","true","2026-09-07T18:56:18.609Z","true","","","false","true","","","false","","","false","2","33.3","ROLE|FOOT|PHOTO|CONTRACT","A"
"cmtr8zr4s008jv7yn7wi73gin","Maksim Shiryaev","395485","https://www.transfermarkt.com/maksim-shiryaev/profil/spieler/395485","true","Xorazm FС","38976","Uzbekistan Super League","UZ1","","UNKNOWN","","false","UNKNOWN","false","","false","0","false","","false","","","false","true","","","false","","","false","1","16.7","ROLE|FOOT|PHOTO|SPORTING|CONTRACT","A"
"cmtr8zqqu001uv7yniou67v33","Marko Stanojevic","47533","https://www.transfermarkt.com/marko-stanojevic/profil/spieler/47533","true","Dinamo","15300","Uzbekistan Super League","UZ1","Midfield - Central Midfield","CM","[""Defensive Midfield"",""Attacking Midfield""]","true","RIGHT","true","https://img.a.transfermarkt.technology/portrait/header/47533-1745339513.png?lm=4711","true","0","false","","false","2026-12-31T00:00:00.000Z","","true","true","1988-06-22T00:00:00.000Z","38","true","2026-09-08T13:50:05.234Z","2026-09-08T13:50:05.292Z","true","5","83.3","SPORTING","C"
"cmtr8zr09006fv7ynvlkic8ar","Martin Boakye","421302","https://www.transfermarkt.com/martin-boakye/profil/spieler/421302","true","FC Andijon","20099","Uzbekistan Super League","UZ1","","UNKNOWN","","false","UNKNOWN","false","","false","0","false","","false","","","false","true","","","false","","","false","1","16.7","ROLE|FOOT|PHOTO|SPORTING|CONTRACT","A"
"cmtr8zr5n008xv7yn9tfe954f","Mashkhur Mukhammadjonov","581626","https://www.transfermarkt.com/mashkhur-mukhammadjonov/profil/spieler/581626","true","Xorazm FС","38976","Uzbekistan Super League","UZ1","","GK","","false","UNKNOWN","false","","false","0","false","","false","","","false","true","","","false","","","false","1","16.7","ROLE|FOOT|PHOTO|SPORTING|CONTRACT","A"
"cmtr8zqrx0026v7yn8jd4f67b","Matija Krivokapic","872176","https://www.transfermarkt.com/matija-krivokapic/profil/spieler/872176","true","Bunyodkor","19401","Uzbekistan Super League","UZ1","Attack - Centre-Forward","UNKNOWN","","true","RIGHT","true","","false","0","false","","false","2026-12-31T00:00:00.000Z","","true","true","2003-03-19T00:00:00.000Z","","true","","","false","4","66.7","PHOTO|SPORTING","C"
"cmtr8zr4m008fv7yno9ohm9ax","Matija Rom","320861","https://www.transfermarkt.com/matija-rom/profil/spieler/320861","true","Xorazm FС","38976","Uzbekistan Super League","UZ1","","UNKNOWN","","false","UNKNOWN","false","","false","0","false","","false","","","false","true","","","false","","","false","1","16.7","ROLE|FOOT|PHOTO|SPORTING|CONTRACT","A"
"cmtr8zqya005av7ynv24cv9g0","Maykon Douglas","677346","https://www.transfermarkt.com/maykon-douglas/profil/spieler/677346","true","Qizilqum","20115","Uzbekistan Super League","UZ1","","UNKNOWN","","false","UNKNOWN","false","","false","0","false","","false","","","false","true","","","false","","","false","1","16.7","ROLE|FOOT|PHOTO|SPORTING|CONTRACT","A"
"cmtr8zqpl001iv7ynflj801xq","Mihail Stefan","719242","https://www.transfermarkt.com/mihail-stefan/profil/spieler/719242","true","Dinamo","15300","Uzbekistan Super League","UZ1","Defender - Centre-Back","CB","","true","RIGHT","true","https://img.a.transfermarkt.technology/portrait/header/719242-1734449508.png?lm=4711","true","0","false","","false","2027-12-31T00:00:00.000Z","","true","true","2001-08-07T00:00:00.000Z","25","true","2026-09-08T13:48:35.101Z","2026-09-08T13:48:35.169Z","true","5","83.3","SPORTING","C"
"cmtr8zqx4004lv7yno0tpzj68","Milan Mitrovic","339370","https://www.transfermarkt.com/milan-mitrovic/profil/spieler/339370","true","Sogdiana","35157","Uzbekistan Super League","UZ1","","GK","","false","UNKNOWN","false","","false","0","false","","false","","","false","true","","","false","","","false","1","16.7","ROLE|FOOT|PHOTO|SPORTING|CONTRACT","A"
"cmtr671gh00cf33yng70ue6xm","Mirjalol Abdurahimov","seed:UZ1-2026-NEFTCHIF-009","seed://uz1/UZ1-2026-NEFTCHIF-009","false","Neftchi","13306","Uzbekistan Super League","UZ1","Defender","DF","","true","UNKNOWN","false","","false","0","false","","false","","","false","true","2006-05-16T00:00:00.000Z","","true","","","false","2","33.3","FOOT|PHOTO|SPORTING|CONTRACT","A"
"cmtr8zqtg002pv7ynykr6xscp","Mirkamol Annamatov","1472839","https://www.transfermarkt.com/mirkamol-annamatov/profil/spieler/1472839","true","Bunyodkor","19401","Uzbekistan Super League","UZ1","Midfield - Central Midfield","UNKNOWN","[""Attacking Midfield"",""Right Midfield""]","true","UNKNOWN","false","","false","1","true","2026-09-07T19:20:01.180Z","true","2026-12-31T00:00:00.000Z","","true","true","2004-08-20T00:00:00.000Z","","true","","","false","4","66.7","FOOT|PHOTO","C"
"cmtr8zqzu0066v7ynjf10jhv4","Mirmakstud Mirusmonov","1064828","https://www.transfermarkt.com/mirmakstud-mirusmonov/profil/spieler/1064828","true","Surkhon","65036","Uzbekistan Super League","UZ1","","UNKNOWN","","false","UNKNOWN","false","","false","2","true","2026-09-07T18:56:56.218Z","true","","","false","true","","","false","","","false","2","33.3","ROLE|FOOT|PHOTO|CONTRACT","A"
"cmtr8zqqs001tv7yn0c2784ta","Mirzhakhon Mirakhmadov","503499","https://www.transfermarkt.com/mirzhakhon-mirakhmadov/profil/spieler/503499","true","Dinamo","15300","Uzbekistan Super League","UZ1","Attack - Centre-Forward","ST","[""Right Winger"",""Left Winger""]","true","LEFT","true","https://img.a.transfermarkt.technology/portrait/header/503499-1745339803.png?lm=4711","true","0","false","","false","2026-12-31T00:00:00.000Z","","true","true","1997-07-15T00:00:00.000Z","29","true","2026-09-08T13:49:56.606Z","2026-09-08T13:49:56.682Z","true","5","83.3","SPORTING","C"
"cmtr8zqug0035v7ynukbpp186","Mirzhamol Kosimov","319512","https://www.transfermarkt.com/mirzhamol-kosimov/profil/spieler/319512","true","Olmaliq","31216","Uzbekistan Super League","UZ1","Midfield - Central Midfield","MF","[""Attacking Midfield"",""Defensive Midfield""]","true","RIGHT","true","","false","0","false","","false","","","false","true","1995-09-24T00:00:00.000Z","","true","","","false","3","50.0","PHOTO|SPORTING|CONTRACT","A"
"cmtr8zql2000gv7yn5wox8tsh","Morteza Pouraliganji","132563","https://www.transfermarkt.com/morteza-pouraliganji/profil/spieler/132563","true","Pakhtakor Tashkent","3718","Uzbekistan Super League","UZ1","Defender - Centre-Back","CB","[""Defensive Midfield"",""Central Midfield""]","true","RIGHT","true","https://img.a.transfermarkt.technology/portrait/header/132563-1787035985.png?lm=4711","true","1","true","2026-09-07T19:08:18.887Z","true","2026-12-31T00:00:00.000Z","","true","true","1992-04-19T00:00:00.000Z","34","true","2026-09-08T13:43:30.235Z","2026-09-08T13:43:30.319Z","true","6","100.0","","D"
"cmtr8zqt4002kv7yn57kz4vx9","Mukhammad Khakimov","1146366","https://www.transfermarkt.com/mukhammad-khakimov/profil/spieler/1146366","true","Bunyodkor","19401","Uzbekistan Super League","UZ1","Defender - Centre-Back","UNKNOWN","","true","LEFT","true","","false","2","true","2026-09-07T19:05:27.357Z","true","2027-12-31T00:00:00.000Z","","true","true","2009-10-04T00:00:00.000Z","","true","","","false","5","83.3","PHOTO","C"
"cmtr8zr6l009iv7yncsetj57l","Mukhammad Yuldoshev","658820","https://www.transfermarkt.com/mukhammad-yuldoshev/profil/spieler/658820","true","FC Buxoro","20151","Uzbekistan Super League","UZ1","","UNKNOWN","","false","UNKNOWN","false","","false","0","false","","false","","","false","true","","","false","","","false","1","16.7","ROLE|FOOT|PHOTO|SPORTING|CONTRACT","A"
"cmtr8zqt8002mv7yn2sd2081o","Mukhammadali Adkhamov","1258542","https://www.transfermarkt.com/mukhammadali-adkhamov/profil/spieler/1258542","true","Bunyodkor","19401","Uzbekistan Super League","UZ1","Attack - Left Winger","UNKNOWN","[""Right Winger""]","true","UNKNOWN","false","","false","1","true","2026-09-07T19:07:33.828Z","true","2027-12-31T00:00:00.000Z","","true","true","2007-07-30T00:00:00.000Z","","true","","","false","4","66.7","FOOT|PHOTO","C"
"cmtr8zr36007mv7yngn8tbsxj","Mukhammadali Alikulov","747986","https://www.transfermarkt.com/mukhammadali-alikulov/profil/spieler/747986","true","Mash'al","13649","Uzbekistan Super League","UZ1","","UNKNOWN","","false","UNKNOWN","false","","false","0","false","","false","","","false","true","","","false","","","false","1","16.7","ROLE|FOOT|PHOTO|SPORTING|CONTRACT","A"
"cmtr8zqw1003yv7yn3jez4k7x","Mukhammadali Giyosov","758474","https://www.transfermarkt.com/mukhammadali-giyosov/profil/spieler/758474","true","Navbahor","15310","Uzbekistan Super League","UZ1","Attack - Centre-Forward","UNKNOWN","[""Left Winger"",""Right Winger""]","true","RIGHT","true","","false","0","false","","false","2026-12-31T00:00:00.000Z","","true","true","2002-08-30T00:00:00.000Z","","true","","","false","4","66.7","PHOTO|SPORTING","C"
"cmtr8zqzb005wv7ync35p2a4h","Mukhammadali Musakhonov","1258665","https://www.transfermarkt.com/mukhammadali-musakhonov/profil/spieler/1258665","true","Surkhon","65036","Uzbekistan Super League","UZ1","","UNKNOWN","","false","UNKNOWN","false","","false","2","true","2026-09-07T19:07:43.419Z","true","","","false","true","","","false","","","false","2","33.3","ROLE|FOOT|PHOTO|CONTRACT","A"
"cmtr8zqvy003wv7ynntalt1ng","Mukhammadali Usmonov","763085","https://www.transfermarkt.com/mukhammadali-usmonov/profil/spieler/763085","true","Navbahor","15310","Uzbekistan Super League","UZ1","Attack - Left Winger","UNKNOWN","[""Right Winger""]","true","RIGHT","true","","false","0","false","","false","2027-12-31T00:00:00.000Z","","true","true","2004-12-09T00:00:00.000Z","","true","","","false","4","66.7","PHOTO|SPORTING","C"
"cmtr8zr2g0078v7ynfc6k6t6b","Mukhammadanas Khasanov","493715","https://www.transfermarkt.com/mukhammadanas-khasanov/profil/spieler/493715","true","Kokand 1912","53299","Uzbekistan Super League","UZ1","","FW","","false","UNKNOWN","false","","false","0","false","","false","2026-12-31T00:00:00.000Z","","true","true","","","false","","","false","2","33.3","ROLE|FOOT|PHOTO|SPORTING","A"
"cmtr8zr3a007ov7yn3wr46g2j","Mukhammadbobur Muydinov","993108","https://www.transfermarkt.com/mukhammadbobur-muydinov/profil/spieler/993108","true","Mash'al","13649","Uzbekistan Super League","UZ1","","UNKNOWN","","false","UNKNOWN","false","","false","0","false","","false","","","false","true","","","false","","","false","1","16.7","ROLE|FOOT|PHOTO|SPORTING|CONTRACT","A"
"cmtr8zr0j006lv7ynxzqquhal","Mukhammadkarim Toirov","661063","https://www.transfermarkt.com/mukhammadkarim-toirov/profil/spieler/661063","true","FC Andijon","20099","Uzbekistan Super League","UZ1","","UNKNOWN","","false","UNKNOWN","false","","false","0","false","","false","","","false","true","","","false","","","false","1","16.7","ROLE|FOOT|PHOTO|SPORTING|CONTRACT","A"
"cmtr8zqv5003hv7yngjeucpmt","Mukhammadkodir Khamraliev","883732","https://www.transfermarkt.com/mukhammadkodir-khamraliev/profil/spieler/883732","true","Navbahor","15310","Uzbekistan Super League","UZ1","Defender - Centre-Back","UNKNOWN","[""Right-Back""]","true","RIGHT","true","","false","0","false","","false","2027-12-31T00:00:00.000Z","","true","true","2001-07-06T00:00:00.000Z","","true","","","false","4","66.7","PHOTO|SPORTING","C"
"cmtr8zqkb0006v7ynxmjmkg1o","Mukhammadrasul Abdumazhidov","1133645","https://www.transfermarkt.com/mukhammadrasul-abdumazhidov/profil/spieler/1133645","true","Pakhtakor Tashkent","3718","Uzbekistan Super League","UZ1","Defender - Centre-Back","CB","","true","RIGHT","true","https://img.a.transfermarkt.technology/portrait/header/1133645-1745332595.png?lm=4711","true","3","true","2026-09-07T18:59:15.117Z","true","2027-12-31T00:00:00.000Z","","true","true","2004-07-23T00:00:00.000Z","22","true","2026-09-08T13:42:27.184Z","2026-09-08T13:42:27.252Z","true","6","100.0","","D"
"cmtr8zqsg002fv7yngceeurc9","Mukhammadyusuf Sobirov","1065972","https://www.transfermarkt.com/mukhammadyusuf-sobirov/profil/spieler/1065972","true","Bunyodkor","19401","Uzbekistan Super League","UZ1","Goalkeeper","GK","","true","UNKNOWN","false","","false","2","true","2026-09-07T18:57:01.069Z","true","2026-12-31T00:00:00.000Z","","true","true","2006-04-20T00:00:00.000Z","","true","","","false","4","66.7","FOOT|PHOTO","C"
"cmtr671kl00mb33yny139prou","Mukhammadzhon Razhabboev","seed:UZ1-2026-XORAZMUR-008","seed://uz1/UZ1-2026-XORAZMUR-008","false","Xorazm FС","38976","Uzbekistan Super League","UZ1","Forward","FW","","true","UNKNOWN","false","","false","0","false","","false","","","false","true","","","false","","","false","2","33.3","FOOT|PHOTO|SPORTING|CONTRACT","A"
"cmtr8zr7a009xv7yn2dlpz3ih","Mukhammedali Reimov","1064826","https://www.transfermarkt.com/mukhammedali-reimov/profil/spieler/1064826","true","Loko Tashkent","15309","Uzbekistan Super League","UZ1","","UNKNOWN","","false","UNKNOWN","false","","false","2","true","2026-09-07T18:56:51.250Z","true","","","false","true","","","false","","","false","2","33.3","ROLE|FOOT|PHOTO|CONTRACT","A"
"cmtr8zr2t007fv7ynm1qklve1","Mukhridin Pazildinov","763078","https://www.transfermarkt.com/mukhridin-pazildinov/profil/spieler/763078","true","Kokand 1912","53299","Uzbekistan Super League","UZ1","","UNKNOWN","","false","UNKNOWN","false","","false","0","false","","false","","","false","true","","","false","","","false","1","16.7","ROLE|FOOT|PHOTO|SPORTING|CONTRACT","A"
"cmtqan4ab001k5rynksgmidcn","Mukhsin Ubaydullaev","189641","https://www.transfermarkt.com/mukhsin-ubaydullaev/profil/spieler/189641","true","Neftchi","13306","Uzbekistan Super League","UZ1","Defender - Right-Back","FB","[""Centre-Back"",""Left-Back""]","true","RIGHT","true","https://img.a.transfermarkt.technology/portrait/header/189641-1745331660.png?lm=4711","true","1","true","2026-09-07T19:21:49.778Z","true","2027-12-31T00:00:00.000Z","","true","true","1994-07-15T00:00:00.000Z","32","true","2026-09-08T13:40:50.402Z","2026-09-08T13:40:50.468Z","true","6","100.0","","D"
"cmtr8zqzl0063v7yny0asrd4e","Muminkhon Bakhodirkhonov","1106184","https://www.transfermarkt.com/muminkhon-bakhodirkhonov/profil/spieler/1106184","true","Surkhon","65036","Uzbekistan Super League","UZ1","","MF","","false","UNKNOWN","false","","false","1","false","2026-09-07T19:05:04.974Z","false","","","false","true","","","false","","","false","1","16.7","ROLE|FOOT|PHOTO|SPORTING|CONTRACT","A"
"cmtr8zqym005hv7yncnwaks6s","Murodali Usmonov","1209189","https://www.transfermarkt.com/murodali-usmonov/profil/spieler/1209189","true","Qizilqum","20115","Uzbekistan Super League","UZ1","","UNKNOWN","","false","UNKNOWN","false","","false","2","true","2026-09-07T19:06:36.172Z","true","","","false","true","","","false","","","false","2","33.3","ROLE|FOOT|PHOTO|CONTRACT","A"
"cmtr8zqmt000vv7yn3gl3w163","Murodbek Rakhmatov","756948","https://www.transfermarkt.com/murodbek-rakhmatov/profil/spieler/756948","true","Nasaf Qarshi","20591","Uzbekistan Super League","UZ1","Midfield - Defensive Midfield","DM","[""Right-Back"",""Central Midfield""]","true","RIGHT","true","https://img.a.transfermarkt.technology/portrait/header/756948-1743417169.png?lm=4711","true","0","false","","false","2026-12-31T00:00:00.000Z","","true","true","2002-01-17T00:00:00.000Z","24","true","2026-09-08T13:45:40.104Z","2026-09-08T13:45:40.318Z","true","5","83.3","SPORTING","C"
"cmtr8zqs30029v7yntyc5oo8b","Muzaffar Olimzhonov","630012","https://www.transfermarkt.com/muzaffar-olimzhonov/profil/spieler/630012","true","Bunyodkor","19401","Uzbekistan Super League","UZ1","Attack - Left Winger","UNKNOWN","[""Right Winger"",""Left Midfield""]","true","UNKNOWN","false","","false","0","false","","false","2027-12-31T00:00:00.000Z","","true","true","2001-07-24T00:00:00.000Z","","true","","","false","3","50.0","FOOT|PHOTO|SPORTING","A"
"cmtr8zqun0038v7ynay4d38ns","Naoaki Senaga","947110","https://www.transfermarkt.com/naoaki-senaga/profil/spieler/947110","true","Olmaliq","31216","Uzbekistan Super League","UZ1","Attack - Left Winger","UNKNOWN","[""Right Winger""]","true","RIGHT","true","","false","0","false","","false","2026-12-31T00:00:00.000Z","","true","true","1998-07-19T00:00:00.000Z","","true","","","false","4","66.7","PHOTO|SPORTING","C"
"cmtr8zqs7002bv7ynmbbz09bt","Narimonjon Akhmadjonov","1082385","https://www.transfermarkt.com/narimonjon-akhmadjonov/profil/spieler/1082385","true","Bunyodkor","19401","Uzbekistan Super League","UZ1","Midfield - Left Midfield","UNKNOWN","[""Left-Back""]","true","UNKNOWN","false","","false","2","true","2026-09-07T18:57:59.024Z","true","2027-12-31T00:00:00.000Z","","true","true","2005-03-18T00:00:00.000Z","","true","","","false","4","66.7","FOOT|PHOTO","C"
"cmtr8zr00006av7ynl1ken3nf","Nemanja Calasan","448764","https://www.transfermarkt.com/nemanja-calasan/profil/spieler/448764","true","FC Andijon","20099","Uzbekistan Super League","UZ1","","UNKNOWN","","false","UNKNOWN","false","","false","0","false","","false","","","false","true","","","false","","","false","1","16.7","ROLE|FOOT|PHOTO|SPORTING|CONTRACT","A"
"cmtr8zr6x009pv7yn87mlqp3v","Nika Kacharava","251028","https://www.transfermarkt.com/nika-kacharava/profil/spieler/251028","true","FC Buxoro","20151","Uzbekistan Super League","UZ1","","UNKNOWN","","false","UNKNOWN","false","","false","0","false","","false","","","false","true","","","false","","","false","1","16.7","ROLE|FOOT|PHOTO|SPORTING|CONTRACT","A"
"cmtr8zr8700afv7yniblpjhhr","Nikita Shevchenko","866959","https://www.transfermarkt.com/nikita-shevchenko/profil/spieler/866959","true","Loko Tashkent","15309","Uzbekistan Super League","UZ1","","GK","","false","UNKNOWN","false","","false","0","false","","false","","","false","true","","","false","","","false","1","16.7","ROLE|FOOT|PHOTO|SPORTING|CONTRACT","A"
"cmtr8zqxn004xv7ynj6fhqhl8","Nikola Kumburovic","390078","https://www.transfermarkt.com/nikola-kumburovic/profil/spieler/390078","true","Qizilqum","20115","Uzbekistan Super League","UZ1","","UNKNOWN","","false","UNKNOWN","false","","false","0","false","","false","","","false","true","","","false","","","false","1","16.7","ROLE|FOOT|PHOTO|SPORTING|CONTRACT","A"
"cmtr8zr5h008uv7yn6ccd4yot","Nikola Stosic","186317","https://www.transfermarkt.com/nikola-stosic/profil/spieler/186317","true","Xorazm FС","38976","Uzbekistan Super League","UZ1","","GK","","false","UNKNOWN","false","","false","1","true","2026-09-07T19:21:23.430Z","true","","","false","true","","","false","","","false","2","33.3","ROLE|FOOT|PHOTO|CONTRACT","A"
"cmtr8zr77009vv7yna539ewj3","Nikolay Ivanov","523314","https://www.transfermarkt.com/nikolay-ivanov/profil/spieler/523314","true","Loko Tashkent","15309","Uzbekistan Super League","UZ1","","MF","","false","UNKNOWN","false","","false","0","false","","false","","","false","true","","","false","","","false","1","16.7","ROLE|FOOT|PHOTO|SPORTING|CONTRACT","A"
"cmtr8zqtm002sv7yntz16k0yg","Nodir Abdurazzakov","763083","https://www.transfermarkt.com/nodir-abdurazzakov/profil/spieler/763083","true","Olmaliq","31216","Uzbekistan Super League","UZ1","Attack - Right Winger","MF","[""Left Winger"",""Attacking Midfield""]","true","UNKNOWN","false","","false","0","false","","false","2027-12-31T00:00:00.000Z","","true","true","2004-05-27T00:00:00.000Z","","true","","","false","3","50.0","FOOT|PHOTO|SPORTING","A"
"cmtr8zqwj0048v7ynsvhbx9s3","Nodir Soyibov","1061556","https://www.transfermarkt.com/nodir-soyibov/profil/spieler/1061556","true","Sogdiana","35157","Uzbekistan Super League","UZ1","","UNKNOWN","","false","UNKNOWN","false","","false","2","true","2026-09-07T18:56:40.400Z","true","","","false","true","","","false","","","false","2","33.3","ROLE|FOOT|PHOTO|CONTRACT","A"
"cmtr8zr4w008lv7ynyt7gcsba","Nodirbek Abdikholikov","1046141","https://www.transfermarkt.com/nodirbek-abdikholikov/profil/spieler/1046141","true","Xorazm FС","38976","Uzbekistan Super League","UZ1","","MF","","false","UNKNOWN","false","","false","2","true","2026-09-07T18:56:08.356Z","true","2027-12-31T00:00:00.000Z","","true","true","","","false","","","false","3","50.0","ROLE|FOOT|PHOTO","A"
"cmtr8zr73009tv7ynjm4snf5j","Nodirbek Akhmadjonov","1449699","https://www.transfermarkt.com/nodirbek-akhmadjonov/profil/spieler/1449699","true","FC Buxoro","20151","Uzbekistan Super League","UZ1","","UNKNOWN","","false","UNKNOWN","false","","false","1","true","2026-09-07T19:19:44.999Z","true","","","false","true","","","false","","","false","2","33.3","ROLE|FOOT|PHOTO|CONTRACT","A"
"cmtr8zqxq004zv7ynjd962c1p","Nodirkhon Nematkhonov","754034","https://www.transfermarkt.com/nodirkhon-nematkhonov/profil/spieler/754034","true","Qizilqum","20115","Uzbekistan Super League","UZ1","","UNKNOWN","","false","UNKNOWN","false","","false","0","false","","false","","","false","true","","","false","","","false","1","16.7","ROLE|FOOT|PHOTO|SPORTING|CONTRACT","A"
"cmtr8zqrz0027v7yndlg8bvdx","Nosirzhon Abdusalomov","1005724","https://www.transfermarkt.com/nosirzhon-abdusalomov/profil/spieler/1005724","true","Bunyodkor","19401","Uzbekistan Super League","UZ1","Midfield - Attacking Midfield","UNKNOWN","[""Right Winger""]","true","UNKNOWN","false","","false","2","true","2026-09-07T18:55:41.981Z","true","2027-12-31T00:00:00.000Z","","true","true","2003-08-03T00:00:00.000Z","","true","","","false","4","66.7","FOOT|PHOTO","C"
"cmtqan4ao001w5rynyt8d2d79","Nurbek Sarsenbaev","1258659","https://www.transfermarkt.com/nurbek-sarsenbaev/profil/spieler/1258659","true","Neftchi","13306","Uzbekistan Super League","UZ1","Attack - Centre-Forward","ST","","true","UNKNOWN","false","https://img.a.transfermarkt.technology/portrait/header/1258659-1762003077.png?lm=4711","true","2","true","2026-09-07T19:07:38.774Z","true","2026-12-31T00:00:00.000Z","","true","true","2008-09-27T00:00:00.000Z","17","true","2026-09-08T13:41:35.717Z","2026-09-08T13:41:35.955Z","true","5","83.3","FOOT","C"
"cmtr8zr3t007yv7yn0gkpfput","Nuriddin Nuriddinov","1134139","https://www.transfermarkt.com/nuriddin-nuriddinov/profil/spieler/1134139","true","Mash'al","13649","Uzbekistan Super League","UZ1","","UNKNOWN","","false","UNKNOWN","false","","false","1","true","2026-09-07T19:05:13.897Z","true","","","false","true","","","false","","","false","2","33.3","ROLE|FOOT|PHOTO|CONTRACT","A"
"cmtr8zqor001av7ynxq21jrb6","Nurillo Tukhtasinov","486759","https://www.transfermarkt.com/nurillo-tukhtasinov/profil/spieler/486759","true","Dinamo","15300","Uzbekistan Super League","UZ1","Midfield - Attacking Midfield","AM","[""Right Winger"",""Central Midfield""]","true","LEFT","true","https://img.a.transfermarkt.technology/portrait/header/486759-1777787198.png?lm=4711","true","0","false","","false","2026-12-31T00:00:00.000Z","","true","true","1997-02-19T00:00:00.000Z","29","true","2026-09-08T13:47:38.004Z","2026-09-08T13:47:38.061Z","true","5","83.3","SPORTING","C"
"cmtr8zr7l00a3v7yn2symxwpm","Nurlan Ibraimov","1144074","https://www.transfermarkt.com/nurlan-ibraimov/profil/spieler/1144074","true","Loko Tashkent","15309","Uzbekistan Super League","UZ1","","UNKNOWN","","false","UNKNOWN","false","","false","2","true","2026-09-07T19:05:23.118Z","true","","","false","true","","","false","","","false","2","33.3","ROLE|FOOT|PHOTO|CONTRACT","A"
"cmtqan4ai001q5rynadcctdq7","Nurmukhammad Abduganiev","1256823","https://www.transfermarkt.com/nurmukhammad-abduganiev/profil/spieler/1256823","true","Neftchi","13306","Uzbekistan Super League","UZ1","Defender - Centre-Back","CB","[""Defensive Midfield"",""Central Midfield""]","true","UNKNOWN","false","https://img.a.transfermarkt.technology/portrait/header/1256823-1777786527.png?lm=4711","true","2","true","2026-09-07T19:07:13.633Z","true","","","false","true","2007-08-23T00:00:00.000Z","19","true","2026-09-08T13:41:12.348Z","2026-09-08T13:41:12.493Z","true","4","66.7","FOOT|CONTRACT","C"
"cmtr8zr50008ov7yntaes8oty","Nurzhakhon Muzaffarov","758470","https://www.transfermarkt.com/nurzhakhon-muzaffarov/profil/spieler/758470","true","Xorazm FС","38976","Uzbekistan Super League","UZ1","","UNKNOWN","","false","UNKNOWN","false","","false","0","false","","false","","","false","true","","","false","","","false","1","16.7","ROLE|FOOT|PHOTO|SPORTING|CONTRACT","A"
"cmtr8zr600095v7ynwm27caxp","Odamboy Olimov","1405292","https://www.transfermarkt.com/odamboy-olimov/profil/spieler/1405292","true","Xorazm FС","38976","Uzbekistan Super League","UZ1","","UNKNOWN","","false","UNKNOWN","false","","false","1","true","2026-09-07T19:19:11.953Z","true","","","false","true","","","false","","","false","2","33.3","ROLE|FOOT|PHOTO|CONTRACT","A"
"cmtr8zr07006ev7yns4qju71s","Odil Abdumazhidov","630038","https://www.transfermarkt.com/odil-abdumazhidov/profil/spieler/630038","true","FC Andijon","20099","Uzbekistan Super League","UZ1","","UNKNOWN","","false","UNKNOWN","false","","false","0","false","","false","","","false","true","","","false","","","false","1","16.7","ROLE|FOOT|PHOTO|SPORTING|CONTRACT","A"
"cmtr8zr75009uv7yno88wpi8e","Ogabek Makhmadaminov","1524911","https://www.transfermarkt.com/ogabek-makhmadaminov/profil/spieler/1524911","true","FC Buxoro","20151","Uzbekistan Super League","UZ1","","UNKNOWN","","false","UNKNOWN","false","","false","1","true","2026-09-07T19:20:48.231Z","true","","","false","true","","","false","","","false","2","33.3","ROLE|FOOT|PHOTO|CONTRACT","A"
"cmtr8zr7z00abv7ynnq4zxrde","Oleg Zoteev","208188","https://www.transfermarkt.com/oleg-zoteev/profil/spieler/208188","true","Loko Tashkent","15309","Uzbekistan Super League","UZ1","","UNKNOWN","","false","UNKNOWN","false","","false","1","true","2026-09-07T19:22:21.993Z","true","","","false","true","","","false","","","false","2","33.3","ROLE|FOOT|PHOTO|CONTRACT","A"
"cmtr8zr7w00aav7yn9ydqj3bc","Oleksandr Kucherenko","358956","https://www.transfermarkt.com/oleksandr-kucherenko/profil/spieler/358956","true","Loko Tashkent","15309","Uzbekistan Super League","UZ1","","UNKNOWN","","false","UNKNOWN","false","","false","0","false","","false","","","false","true","","","false","","","false","1","16.7","ROLE|FOOT|PHOTO|SPORTING|CONTRACT","A"
"cmtr8zqwn004bv7yn88xb579l","Ollobergan Karimov","1077869","https://www.transfermarkt.com/ollobergan-karimov/profil/spieler/1077869","true","Sogdiana","35157","Uzbekistan Super League","UZ1","","UNKNOWN","","false","UNKNOWN","false","","false","2","true","2026-09-07T18:57:11.508Z","true","","","false","true","","","false","","","false","2","33.3","ROLE|FOOT|PHOTO|CONTRACT","A"
"cmtqan4aq001y5ryne18damjq","Omadillo Abdubannobov","1419072","https://www.transfermarkt.com/omadillo-abdubannobov/profil/spieler/1419072","true","Neftchi","13306","Uzbekistan Super League","UZ1","Midfield","UNKNOWN","","true","UNKNOWN","false","https://img.a.transfermarkt.technology/portrait/header/1419072-1750490322.png?lm=4711","true","0","false","","false","","","false","true","2005-04-01T00:00:00.000Z","21","true","2026-09-08T13:41:40.749Z","2026-09-08T13:41:40.824Z","true","3","50.0","FOOT|SPORTING|CONTRACT","B"
"cmtr8zqz5005sv7ynlar6yc9x","Otabek Boymurodov","763117","https://www.transfermarkt.com/otabek-boymurodov/profil/spieler/763117","true","Surkhon","65036","Uzbekistan Super League","UZ1","","GK","","false","UNKNOWN","false","","false","0","false","","false","","","false","true","","","false","","","false","1","16.7","ROLE|FOOT|PHOTO|SPORTING|CONTRACT","A"
"cmtr8zqxk004vv7ynd1g37vok","Otabek Jurakuziev","743866","https://www.transfermarkt.com/otabek-jurakuziev/profil/spieler/743866","true","Qizilqum","20115","Uzbekistan Super League","UZ1","","FW","","false","UNKNOWN","false","","false","0","false","","false","2026-12-31T00:00:00.000Z","","true","true","","","false","","","false","2","33.3","ROLE|FOOT|PHOTO|SPORTING","A"
"cmtr8zqkd0007v7ynkwagrfih","Oybek Bozorov","631352","https://www.transfermarkt.com/oybek-bozorov/profil/spieler/631352","true","Pakhtakor Tashkent","3718","Uzbekistan Super League","UZ1","Attack - Left Winger","WINGER","[""Right Winger"",""Attacking Midfield""]","true","RIGHT","true","https://img.a.transfermarkt.technology/portrait/header/631352-1743417282.png?lm=4711","true","0","false","","false","2027-12-31T00:00:00.000Z","","true","true","1997-08-07T00:00:00.000Z","29","true","2026-09-08T13:42:32.633Z","2026-09-08T13:42:33.174Z","true","5","83.3","SPORTING","C"
"cmtr8zqrl0021v7ynnxxmmaz0","Oybek Khamrakulov","1348575","https://www.transfermarkt.com/oybek-khamrakulov/profil/spieler/1348575","true","Dinamo","15300","Uzbekistan Super League","UZ1","Attack - Left Winger","WINGER","[""Right Winger""]","true","RIGHT","true","https://img.a.transfermarkt.technology/portrait/header/1348575-1745339968.png?lm=4711","true","0","false","2026-09-07T19:08:39.988Z","false","","","false","true","2004-11-06T00:00:00.000Z","21","true","2026-09-08T13:50:48.572Z","2026-09-08T13:50:48.677Z","true","4","66.7","SPORTING|CONTRACT","C"
"cmtr8zqx0004jv7ynp0h58e3i","Oybek Nurmatov","583732","https://www.transfermarkt.com/oybek-nurmatov/profil/spieler/583732","true","Sogdiana","35157","Uzbekistan Super League","UZ1","","UNKNOWN","","false","UNKNOWN","false","","false","0","false","","false","","","false","true","","","false","","","false","1","16.7","ROLE|FOOT|PHOTO|SPORTING|CONTRACT","A"
"cmtr8zqlx000ov7ynrtha5u9g","Oybek Rustamov","493716","https://www.transfermarkt.com/oybek-rustamov/profil/spieler/493716","true","Nasaf Qarshi","20591","Uzbekistan Super League","UZ1","Midfield - Defensive Midfield","DM","[""Centre-Back""]","true","RIGHT","true","https://img.a.transfermarkt.technology/portrait/header/493716-1726298388.png?lm=4711","true","0","false","","false","2028-12-31T00:00:00.000Z","","true","true","1997-04-02T00:00:00.000Z","29","true","2026-09-08T13:44:33.807Z","2026-09-08T13:44:34.006Z","true","5","83.3","SPORTING","C"
"cmtr8zqq6001ov7ynbfzoh902","Oybek Urmonjonov","1109178","https://www.transfermarkt.com/oybek-urmonjonov/profil/spieler/1109178","true","Dinamo","15300","Uzbekistan Super League","UZ1","Midfield - Attacking Midfield","AM","[""Right Winger"",""Left Winger""]","true","LEFT","true","https://img.a.transfermarkt.technology/portrait/header/1109178-1745339581.png?lm=4711","true","2","true","2026-09-07T18:58:42.973Z","true","2026-12-31T00:00:00.000Z","","true","true","2006-10-09T00:00:00.000Z","19","true","2026-09-08T13:49:13.852Z","2026-09-08T13:49:13.930Z","true","6","100.0","","D"
"cmtr8zqyf005dv7ynkwaputfg","Ozodbek Ergashev","1200321","https://www.transfermarkt.com/ozodbek-ergashev/profil/spieler/1200321","true","Qizilqum","20115","Uzbekistan Super League","UZ1","","UNKNOWN","","false","UNKNOWN","false","","false","3","true","2026-09-07T19:06:25.129Z","true","","","false","true","","","false","","","false","2","33.3","ROLE|FOOT|PHOTO|CONTRACT","A"
"cmtr8zr8a00ahv7ynwvbv35k5","Ozodbek Uktamov","1079582","https://www.transfermarkt.com/ozodbek-uktamov/profil/spieler/1079582","true","Loko Tashkent","15309","Uzbekistan Super League","UZ1","","UNKNOWN","","false","UNKNOWN","false","","false","1","true","2026-09-07T18:57:54.040Z","true","","","false","true","","","false","","","false","2","33.3","ROLE|FOOT|PHOTO|CONTRACT","A"
"cmtr8zqn2000xv7yn694n6d43","Paata Ghudushauri","448162","https://www.transfermarkt.com/paata-ghudushauri/profil/spieler/448162","true","Nasaf Qarshi","20591","Uzbekistan Super League","UZ1","Attack - Right Winger","WINGER","[""Second Striker"",""Left Winger""]","true","LEFT","true","https://img.a.transfermarkt.technology/portrait/header/448162-1775651801.png?lm=4711","true","0","false","","false","2026-12-31T00:00:00.000Z","","true","true","1997-06-07T00:00:00.000Z","29","true","2026-09-08T13:45:57.641Z","2026-09-08T13:45:57.697Z","true","5","83.3","SPORTING","C"
"cmtr8zr4g008bv7ynr1mugd0l","Pavel Bureev","1382272","https://www.transfermarkt.com/pavel-bureev/profil/spieler/1382272","true","Mash'al","13649","Uzbekistan Super League","UZ1","","UNKNOWN","","false","UNKNOWN","false","","false","1","true","2026-09-07T19:08:45.257Z","true","","","false","true","","","false","","","false","2","33.3","ROLE|FOOT|PHOTO|CONTRACT","A"
"cmtr8zqw80043v7ynjcs9hhyi","Petar Micin","343963","https://www.transfermarkt.com/petar-micin/profil/spieler/343963","true","Sogdiana","35157","Uzbekistan Super League","UZ1","Midfield - Attacking Midfield","UNKNOWN","[""Left Winger"",""Central Midfield""]","true","RIGHT","true","","false","0","false","","false","2027-12-31T00:00:00.000Z","","true","true","1998-09-29T00:00:00.000Z","","true","","","false","4","66.7","PHOTO|SPORTING","C"
"cmtr8zr0b006gv7yntz2yfinl","Pulatkhuzha Kholdorkhonov","887436","https://www.transfermarkt.com/pulatkhuzha-kholdorkhonov/profil/spieler/887436","true","FC Andijon","20099","Uzbekistan Super League","UZ1","","FW","","false","UNKNOWN","false","","false","0","false","","false","2026-12-31T00:00:00.000Z","","true","true","","","false","","","false","2","33.3","ROLE|FOOT|PHOTO|SPORTING","A"
"cmtr8zr4u008kv7yni0kdtc17","Rafael Sabino","598992","https://www.transfermarkt.com/rafael-sabino/profil/spieler/598992","true","Xorazm FС","38976","Uzbekistan Super League","UZ1","","UNKNOWN","","false","UNKNOWN","false","","false","0","false","","false","","","false","true","","","false","","","false","1","16.7","ROLE|FOOT|PHOTO|SPORTING|CONTRACT","A"
"cmtr8zr5l008wv7ynqfv0qent","Rafael Tavares","644994","https://www.transfermarkt.com/rafael-tavares/profil/spieler/644994","true","Xorazm FС","38976","Uzbekistan Super League","UZ1","","UNKNOWN","","false","UNKNOWN","false","","false","0","false","","false","","","false","true","","","false","","","false","1","16.7","ROLE|FOOT|PHOTO|SPORTING|CONTRACT","A"
"cmtr8zr240072v7ynw8ml4stx","Rakhimzhon Davronov","527939","https://www.transfermarkt.com/rakhimzhon-davronov/profil/spieler/527939","true","Kokand 1912","53299","Uzbekistan Super League","UZ1","Goalkeeper","GK","","true","UNKNOWN","false","","false","0","false","","false","","","false","true","","","false","","","false","2","33.3","FOOT|PHOTO|SPORTING|CONTRACT","A"
"cmtr8zqq0001mv7yn4q6u6jmf","Rasul Yuldoshev","571209","https://www.transfermarkt.com/rasul-yuldoshev/profil/spieler/571209","true","Dinamo","15300","Uzbekistan Super League","UZ1","Midfield - Central Midfield","CM","[""Attacking Midfield"",""Defensive Midfield""]","true","UNKNOWN","false","https://img.a.transfermarkt.technology/portrait/header/571209-1745401157.png?lm=4711","true","0","false","","false","2026-12-31T00:00:00.000Z","","true","true","2000-10-26T00:00:00.000Z","25","true","2026-09-08T13:49:01.487Z","2026-09-08T13:49:01.563Z","true","4","66.7","FOOT|SPORTING","C"
"cmtqan49x00185rynjrb9gb3u","Ratinho","613190","https://www.transfermarkt.com/ratinho/profil/spieler/613190","true","Neftchi","13306","Uzbekistan Super League","UZ1","Midfield - Defensive Midfield","DM","[""Central Midfield""]","true","RIGHT","true","https://img.a.transfermarkt.technology/portrait/header/613190-1745339349.png?lm=4711","true","0","false","","false","2027-12-31T00:00:00.000Z","","true","true","1996-10-01T00:00:00.000Z","29","true","2026-09-09T01:11:26.008Z","2026-09-08T13:40:16.560Z","true","5","83.3","SPORTING","C"
"cmtr8zqro0022v7yn8aorshyv","Raul Djeparov","1388503","https://www.transfermarkt.com/raul-djeparov/profil/spieler/1388503","true","Dinamo","15300","Uzbekistan Super League","UZ1","Midfield - Central Midfield","CM","[""Attacking Midfield"",""Defensive Midfield""]","true","UNKNOWN","false","https://img.a.transfermarkt.technology/portrait/header/1388503-1742822718.png?lm=4711","true","1","true","2026-09-07T19:09:05.316Z","true","2027-12-31T00:00:00.000Z","","true","true","2007-06-17T00:00:00.000Z","19","true","2026-09-08T13:50:55.436Z","2026-09-08T13:50:55.510Z","true","5","83.3","FOOT","C"
"cmtr8zr6a009bv7yn5voloy60","Ravshan Khayrullaev","1082393","https://www.transfermarkt.com/ravshan-khayrullaev/profil/spieler/1082393","true","FC Buxoro","20151","Uzbekistan Super League","UZ1","","UNKNOWN","","false","UNKNOWN","false","","false","2","true","2026-09-07T18:58:04.985Z","true","","","false","true","","","false","","","false","2","33.3","ROLE|FOOT|PHOTO|CONTRACT","A"
"cmtr8zr5x0093v7yn676ofn15","Ravshanbek Sultonov","883809","https://www.transfermarkt.com/ravshanbek-sultonov/profil/spieler/883809","true","Xorazm FС","38976","Uzbekistan Super League","UZ1","","UNKNOWN","","false","UNKNOWN","false","","false","0","false","","false","","","false","true","","","false","","","false","1","16.7","ROLE|FOOT|PHOTO|SPORTING|CONTRACT","A"
"cmtr8zqq3001nv7ynpdcd07y9","Ravshanbek Yagudin","843338","https://www.transfermarkt.com/ravshanbek-yagudin/profil/spieler/843338","true","Dinamo","15300","Uzbekistan Super League","UZ1","Goalkeeper","GK","","true","UNKNOWN","false","https://img.a.transfermarkt.technology/portrait/header/843338-1745338836.png?lm=4711","true","0","false","","false","2026-12-31T00:00:00.000Z","","true","true","1996-06-10T00:00:00.000Z","30","true","2026-09-08T13:49:08.267Z","2026-09-08T13:49:08.335Z","true","4","66.7","FOOT|SPORTING","C"
"cmtr8zqz3005rv7yn25fra52r","Richard Friday","664617","https://www.transfermarkt.com/richard-friday/profil/spieler/664617","true","Surkhon","65036","Uzbekistan Super League","UZ1","","UNKNOWN","","false","UNKNOWN","false","","false","0","false","","false","","","false","true","","","false","","","false","1","16.7","ROLE|FOOT|PHOTO|SPORTING|CONTRACT","A"
"cmtr8zqxi004uv7yn0lr6ez5i","Roman Paparyga","903133","https://www.transfermarkt.com/roman-paparyga/profil/spieler/903133","true","Qizilqum","20115","Uzbekistan Super League","UZ1","","UNKNOWN","","false","UNKNOWN","false","","false","0","false","","false","","","false","true","","","false","","","false","1","16.7","ROLE|FOOT|PHOTO|SPORTING|CONTRACT","A"
"cmtr8zqxu0050v7ynvqdgdxgs","Ruslan Roziev","630014","https://www.transfermarkt.com/ruslan-roziev/profil/spieler/630014","true","Qizilqum","20115","Uzbekistan Super League","UZ1","","UNKNOWN","","false","UNKNOWN","false","","false","0","false","","false","","","false","true","","","false","","","false","1","16.7","ROLE|FOOT|PHOTO|SPORTING|CONTRACT","A"
"cmtr8zqv1003fv7ynws88fzvr","Ruslanbek Jiyanov","754040","https://www.transfermarkt.com/ruslanbek-jiyanov/profil/spieler/754040","true","Navbahor","15310","Uzbekistan Super League","UZ1","Attack - Left Winger","UNKNOWN","[""Centre-Forward"",""Right Winger""]","true","RIGHT","true","","false","0","false","","false","2027-12-31T00:00:00.000Z","","true","true","2001-06-05T00:00:00.000Z","","true","","","false","4","66.7","PHOTO|SPORTING","C"
"cmtr8zr2r007ev7ynqjwp5jd7","Rustam Nartadzhiev","483094","https://www.transfermarkt.com/rustam-nartadzhiev/profil/spieler/483094","true","Kokand 1912","53299","Uzbekistan Super League","UZ1","Goalkeeper","GK","","true","UNKNOWN","false","","false","0","false","","false","","","false","true","","","false","","","false","2","33.3","FOOT|PHOTO|SPORTING|CONTRACT","A"
"cmtr8zr05006dv7yntcyn4hc3","Rustam Turdimurodov","763092","https://www.transfermarkt.com/rustam-turdimurodov/profil/spieler/763092","true","FC Andijon","20099","Uzbekistan Super League","UZ1","","UNKNOWN","","false","UNKNOWN","false","","false","0","false","","false","","","false","true","","","false","","","false","1","16.7","ROLE|FOOT|PHOTO|SPORTING|CONTRACT","A"
"cmtqan4a9001i5rynplmglamg","Rustambek Fomin","1061557","https://www.transfermarkt.com/rustambek-fomin/profil/spieler/1061557","true","Neftchi","13306","Uzbekistan Super League","UZ1","Midfield - Central Midfield","CM","[""Defensive Midfield""]","true","UNKNOWN","false","https://img.a.transfermarkt.technology/portrait/header/1061557-1777786689.png?lm=4711","true","2","true","2026-09-07T18:56:45.897Z","true","2029-12-31T00:00:00.000Z","","true","true","2005-07-09T00:00:00.000Z","21","true","2026-09-08T13:40:44.580Z","2026-09-08T13:40:45.144Z","true","5","83.3","FOOT","C"
"cmtr8zr5a008tv7yng23l3bn1","Rustamzhon Abdukhamidov","845298","https://www.transfermarkt.com/rustamzhon-abdukhamidov/profil/spieler/845298","true","Xorazm FС","38976","Uzbekistan Super League","UZ1","","UNKNOWN","","false","UNKNOWN","false","","false","0","false","","false","","","false","true","","","false","","","false","1","16.7","ROLE|FOOT|PHOTO|SPORTING|CONTRACT","A"
"cmtr8zqtz002xv7ynv28r3gnb","Saidafzalkhon Akhrorov","989070","https://www.transfermarkt.com/saidafzalkhon-akhrorov/profil/spieler/989070","true","Olmaliq","31216","Uzbekistan Super League","UZ1","Defender - Left-Back","UNKNOWN","[""Left Midfield""]","true","LEFT","true","","false","0","false","","false","","","false","true","2003-01-20T00:00:00.000Z","","true","","","false","3","50.0","PHOTO|SPORTING|CONTRACT","A"
"cmtr8zqvl003ov7yn1z03xhfj","Saidazamat Mirsaidov","629995","https://www.transfermarkt.com/saidazamat-mirsaidov/profil/spieler/629995","true","Navbahor","15310","Uzbekistan Super League","UZ1","Defender - Right-Back","UNKNOWN","[""Left-Back""]","true","UNKNOWN","false","","false","0","false","","false","2026-12-31T00:00:00.000Z","","true","true","2001-07-19T00:00:00.000Z","","true","","","false","3","50.0","FOOT|PHOTO|SPORTING","A"
"cmtr8zqqx001vv7ynd6dins8k","Salim Mustafoev","208180","https://www.transfermarkt.com/salim-mustafoev/profil/spieler/208180","true","Dinamo","15300","Uzbekistan Super League","UZ1","Defender - Left-Back","FB","[""Centre-Back""]","true","LEFT","true","https://img.a.transfermarkt.technology/portrait/header/208180-1745339283.png?lm=4711","true","1","true","2026-09-07T19:22:16.948Z","true","2026-12-31T00:00:00.000Z","","true","true","1991-03-07T00:00:00.000Z","35","true","2026-09-08T13:50:09.355Z","2026-09-08T13:50:09.412Z","true","6","100.0","","D"
"cmtr8zr490087v7yngilpqyj6","Samandar Jurabekov","1384774","https://www.transfermarkt.com/samandar-jurabekov/profil/spieler/1384774","true","Mash'al","13649","Uzbekistan Super League","UZ1","","GK","","false","UNKNOWN","false","","false","2","true","2026-09-07T19:08:55.978Z","true","","","false","true","","","false","","","false","2","33.3","ROLE|FOOT|PHOTO|CONTRACT","A"
"cmtr8zqnm0011v7ynbfvvgst6","Samandar Muratbaev","1082405","https://www.transfermarkt.com/samandar-muratbaev/profil/spieler/1082405","true","Nasaf Qarshi","20591","Uzbekistan Super League","UZ1","Goalkeeper","GK","","true","UNKNOWN","false","https://img.a.transfermarkt.technology/portrait/header/1082405-1726844319.png?lm=4711","true","2","true","2026-09-07T18:58:10.826Z","true","2026-12-31T00:00:00.000Z","","true","true","2005-03-03T00:00:00.000Z","21","true","2026-09-08T13:46:30.381Z","2026-09-08T13:46:30.443Z","true","5","83.3","FOOT","C"
"cmtr8zqxo004yv7ynf4pg6qg3","Samandar Shukurillaev","745398","https://www.transfermarkt.com/samandar-shukurillaev/profil/spieler/745398","true","Qizilqum","20115","Uzbekistan Super League","UZ1","","UNKNOWN","","false","UNKNOWN","false","","false","0","false","","false","","","false","true","","","false","","","false","1","16.7","ROLE|FOOT|PHOTO|SPORTING|CONTRACT","A"
"cmtr8zqwq004dv7ynidn72hb0","Samandarzhon Mavlonkulov","1040233","https://www.transfermarkt.com/samandarzhon-mavlonkulov/profil/spieler/1040233","true","Sogdiana","35157","Uzbekistan Super League","UZ1","","UNKNOWN","","false","UNKNOWN","false","","false","2","true","2026-09-07T18:56:02.219Z","true","","","false","true","","","false","","","false","2","33.3","ROLE|FOOT|PHOTO|CONTRACT","A"
"cmtr8zqld000jv7ynwh2gxddr","Sandzhar Kuvvatov","127748","https://www.transfermarkt.com/sandzhar-kuvvatov/profil/spieler/127748","true","Pakhtakor Tashkent","3718","Uzbekistan Super League","UZ1","Goalkeeper","GK","","true","RIGHT","true","https://img.a.transfermarkt.technology/portrait/header/127748-1745404309.png?lm=4711","true","3","true","2026-09-07T19:07:53.276Z","true","2026-12-31T00:00:00.000Z","","true","true","1990-01-08T00:00:00.000Z","36","true","2026-09-08T13:43:55.963Z","2026-09-08T13:43:57.039Z","true","6","100.0","","D"
"cmtr8zqzs0065v7ynivfrnm0s","Santiago Garcia","1454546","https://www.transfermarkt.com/santiago-garcia/profil/spieler/1454546","true","Surkhon","65036","Uzbekistan Super League","UZ1","","UNKNOWN","","false","UNKNOWN","false","","false","0","false","","false","","","false","true","","","false","","","false","1","16.7","ROLE|FOOT|PHOTO|SPORTING|CONTRACT","A"
"cmtr8zqpw001lv7ynismck3p1","Sanzhar Kodirkulov","294503","https://www.transfermarkt.com/sanzhar-kodirkulov/profil/spieler/294503","true","Dinamo","15300","Uzbekistan Super League","UZ1","Attack - Right Winger","WINGER","[""Central Midfield"",""Left-Back""]","true","LEFT","true","https://img.a.transfermarkt.technology/portrait/header/294503-1745339757.png?lm=4711","true","0","false","","false","2026-12-31T00:00:00.000Z","","true","true","1997-05-27T00:00:00.000Z","29","true","2026-09-08T13:48:56.115Z","2026-09-08T13:48:56.315Z","true","5","83.3","SPORTING","C"
"cmtr8zqsd002ev7ynkyenjf8j","Sardor Abdunabiev","659959","https://www.transfermarkt.com/sardor-abdunabiev/profil/spieler/659959","true","Bunyodkor","19401","Uzbekistan Super League","UZ1","Attack - Right Winger","UNKNOWN","[""Centre-Forward"",""Left Winger""]","true","RIGHT","true","","false","0","false","","false","2027-12-31T00:00:00.000Z","","true","true","1999-02-10T00:00:00.000Z","","true","","","false","4","66.7","PHOTO|SPORTING","C"
"cmtr8zr38007nv7ynfary76or","Sardor Abduraimov","492567","https://www.transfermarkt.com/sardor-abduraimov/profil/spieler/492567","true","Mash'al","13649","Uzbekistan Super League","UZ1","","UNKNOWN","","false","UNKNOWN","false","","false","0","false","","false","","","false","true","","","false","","","false","1","16.7","ROLE|FOOT|PHOTO|SPORTING|CONTRACT","A"
"cmtr8zr6v009ov7yn1za2r32k","Sardor Kulmatov","494100","https://www.transfermarkt.com/sardor-kulmatov/profil/spieler/494100","true","FC Buxoro","20151","Uzbekistan Super League","UZ1","","DF","","false","UNKNOWN","false","","false","0","false","","false","","","false","true","","","false","","","false","1","16.7","ROLE|FOOT|PHOTO|SPORTING|CONTRACT","A"
"cmtr8zr8600aev7yn4wkbmgt7","Sardor Mirzaev","127751","https://www.transfermarkt.com/sardor-mirzaev/profil/spieler/127751","true","Loko Tashkent","15309","Uzbekistan Super League","UZ1","","MF","","false","UNKNOWN","false","","false","2","true","2026-09-07T19:07:57.899Z","true","","","false","true","","","false","","","false","2","33.3","ROLE|FOOT|PHOTO|CONTRACT","A"
"cmtr8zqru0025v7ynq56e57st","Sardor Rakhmanov","189635","https://www.transfermarkt.com/sardor-rakhmanov/profil/spieler/189635","true","Bunyodkor","19401","Uzbekistan Super League","UZ1","Defender - Centre-Back","UNKNOWN","[""Left-Back""]","true","LEFT","true","","false","1","true","2026-09-07T19:21:39.034Z","true","2027-12-31T00:00:00.000Z","","true","true","1994-07-09T00:00:00.000Z","","true","","","false","5","83.3","PHOTO","C"
"cmtr8zqkp000bv7yntp9z8mmg","Sardor Sobirkhuzhaev","189636","https://www.transfermarkt.com/sardor-sobirkhuzhaev/profil/spieler/189636","true","Pakhtakor Tashkent","3718","Uzbekistan Super League","UZ1","Midfield - Central Midfield","CM","[""Attacking Midfield"",""Defensive Midfield""]","true","RIGHT","true","https://img.a.transfermarkt.technology/portrait/header/189636-1745332893.png?lm=4711","true","1","true","2026-09-07T19:21:44.419Z","true","2026-12-31T00:00:00.000Z","","true","true","1994-11-06T00:00:00.000Z","31","true","2026-09-08T13:42:57.547Z","2026-09-08T13:42:57.608Z","true","6","100.0","","D"
"cmtr8zr58008sv7yny5n2va9v","Sardorbek Azimov","324748","https://www.transfermarkt.com/sardorbek-azimov/profil/spieler/324748","true","Xorazm FС","38976","Uzbekistan Super League","UZ1","","UNKNOWN","","false","UNKNOWN","false","","false","0","false","","false","","","false","true","","","false","","","false","1","16.7","ROLE|FOOT|PHOTO|SPORTING|CONTRACT","A"
"cmtr8zqm5000qv7yna76odnlu","Sardorbek Bakhromov","1228939","https://www.transfermarkt.com/sardorbek-bakhromov/profil/spieler/1228939","true","Nasaf Qarshi","20591","Uzbekistan Super League","UZ1","Attack - Left Winger","WINGER","[""Right Winger"",""Central Midfield""]","true","UNKNOWN","false","https://img.a.transfermarkt.technology/portrait/header/1228939-1743417579.png?lm=4711","true","2","true","2026-09-07T19:06:52.446Z","true","2027-12-31T00:00:00.000Z","","true","true","2005-02-16T00:00:00.000Z","21","true","2026-09-08T13:44:55.519Z","2026-09-08T13:44:55.650Z","true","5","83.3","FOOT","C"
"cmtr8zqx7004nv7yn9txgg3cy","Sardorbek Erkinov","1141467","https://www.transfermarkt.com/sardorbek-erkinov/profil/spieler/1141467","true","Sogdiana","35157","Uzbekistan Super League","UZ1","","UNKNOWN","","false","UNKNOWN","false","","false","2","true","2026-09-07T19:05:18.472Z","true","","","false","true","","","false","","","false","2","33.3","ROLE|FOOT|PHOTO|CONTRACT","A"
"cmtr8zqx8004ov7yncavxgxje","Sardorbek Khoshimov","1251433","https://www.transfermarkt.com/sardorbek-khoshimov/profil/spieler/1251433","true","Sogdiana","35157","Uzbekistan Super League","UZ1","","UNKNOWN","","false","UNKNOWN","false","","false","2","true","2026-09-07T19:07:08.548Z","true","","","false","true","","","false","","","false","2","33.3","ROLE|FOOT|PHOTO|CONTRACT","A"
"cmtr8zqz9005vv7yn0baiy77k","Sarvar Abdukhamidov","1177021","https://www.transfermarkt.com/sarvar-abdukhamidov/profil/spieler/1177021","true","Surkhon","65036","Uzbekistan Super League","UZ1","","MF","","false","UNKNOWN","false","","false","2","true","2026-09-07T19:05:58.374Z","true","","","false","true","","","false","","","false","2","33.3","ROLE|FOOT|PHOTO|CONTRACT","A"
"cmtr8zqr6001xv7ynulbiwfne","Sarvar Karimov","288926","https://www.transfermarkt.com/sarvar-karimov/profil/spieler/288926","true","Dinamo","15300","Uzbekistan Super League","UZ1","Goalkeeper","GK","","true","UNKNOWN","false","https://img.a.transfermarkt.technology/portrait/header/288926-1745338896.png?lm=4711","true","0","false","","false","2026-12-31T00:00:00.000Z","","true","true","1996-12-25T00:00:00.000Z","29","true","2026-09-08T13:50:25.012Z","2026-09-08T13:50:25.077Z","true","4","66.7","FOOT|SPORTING","C"
"cmtr8zr640097v7yn51pwzovu","Shakhboz Jurabekov","510495","https://www.transfermarkt.com/shakhboz-jurabekov/profil/spieler/510495","true","FC Buxoro","20151","Uzbekistan Super League","UZ1","","DF","","false","UNKNOWN","false","","false","0","false","","false","","","false","true","","","false","","","false","1","16.7","ROLE|FOOT|PHOTO|SPORTING|CONTRACT","A"
"cmtr8zr2p007dv7ynx5nequhb","Shakhzod Akromov","763093","https://www.transfermarkt.com/shakhzod-akromov/profil/spieler/763093","true","Kokand 1912","53299","Uzbekistan Super League","UZ1","","FW","","false","UNKNOWN","false","","false","0","false","","false","2027-12-31T00:00:00.000Z","","true","true","","","false","","","false","2","33.3","ROLE|FOOT|PHOTO|SPORTING","A"
"cmtr8zqst002jv7yncnetecn1","Shakhzod Nematzhonov","902513","https://www.transfermarkt.com/shakhzod-nematzhonov/profil/spieler/902513","true","Bunyodkor","19401","Uzbekistan Super League","UZ1","Midfield - Central Midfield","UNKNOWN","[""Attacking Midfield""]","true","UNKNOWN","false","","false","0","false","","false","2026-12-31T00:00:00.000Z","","true","true","2003-08-06T00:00:00.000Z","","true","","","false","3","50.0","FOOT|PHOTO|SPORTING","A"
"cmtr8zqxe004sv7ynpjcbb66c","Shakhzod Rakhmatullaev","988939","https://www.transfermarkt.com/shakhzod-rakhmatullaev/profil/spieler/988939","true","Qizilqum","20115","Uzbekistan Super League","UZ1","","MF","","false","UNKNOWN","false","","false","0","false","","false","2026-12-31T00:00:00.000Z","","true","true","","","false","","","false","2","33.3","ROLE|FOOT|PHOTO|SPORTING","A"
"cmtr8zquu003cv7yninl0399i","Shakhzod Toirov","807652","https://www.transfermarkt.com/shakhzod-toirov/profil/spieler/807652","true","Olmaliq","31216","Uzbekistan Super League","UZ1","Defender - Centre-Back","UNKNOWN","[""Left-Back""]","true","LEFT","true","","false","0","false","","false","2026-12-31T00:00:00.000Z","","true","true","2001-09-27T00:00:00.000Z","","true","","","false","4","66.7","PHOTO|SPORTING","C"
"cmtr8zqy70058v7ynmn5zvbnd","Shakhzod Turopov","660262","https://www.transfermarkt.com/shakhzod-turopov/profil/spieler/660262","true","Qizilqum","20115","Uzbekistan Super League","UZ1","","UNKNOWN","","false","UNKNOWN","false","","false","0","false","","false","","","false","true","","","false","","","false","1","16.7","ROLE|FOOT|PHOTO|SPORTING|CONTRACT","A"
"cmtr8zr6k009hv7ynvaw7l8v5","Shakhzod Ubaydullaev","657709","https://www.transfermarkt.com/shakhzod-ubaydullaev/profil/spieler/657709","true","FC Buxoro","20151","Uzbekistan Super League","UZ1","","UNKNOWN","","false","UNKNOWN","false","","false","0","false","","false","","","false","true","","","false","","","false","1","16.7","ROLE|FOOT|PHOTO|SPORTING|CONTRACT","A"
"cmtr8zqtb002nv7yn1195ws61","Shamsiddin Tursunmakhamadov","1401673","https://www.transfermarkt.com/shamsiddin-tursunmakhamadov/profil/spieler/1401673","true","Bunyodkor","19401","Uzbekistan Super League","UZ1","Defender - Right-Back","UNKNOWN","[""Centre-Back"",""Defensive Midfield""]","true","UNKNOWN","false","","false","1","true","2026-09-07T19:18:51.969Z","true","2027-12-31T00:00:00.000Z","","true","true","2006-10-02T00:00:00.000Z","","true","","","false","4","66.7","FOOT|PHOTO","C"
"cmtr8zqlr000nv7yn7zk89cru","Sharof Mukhitdinov","431913","https://www.transfermarkt.com/sharof-mukhitdinov/profil/spieler/431913","true","Nasaf Qarshi","20591","Uzbekistan Super League","UZ1","Midfield - Attacking Midfield","AM","[""Left Winger"",""Central Midfield""]","true","LEFT","true","https://img.a.transfermarkt.technology/portrait/header/431913-1743417128.png?lm=4711","true","0","false","","false","2026-12-31T00:00:00.000Z","","true","true","1997-07-14T00:00:00.000Z","29","true","2026-09-08T13:44:27.049Z","2026-09-08T13:44:27.215Z","true","5","83.3","SPORTING","C"
"cmtr8zr620096v7yns2bk0bbg","Sherzod Esanov","989068","https://www.transfermarkt.com/sherzod-esanov/profil/spieler/989068","true","FC Buxoro","20151","Uzbekistan Super League","UZ1","","UNKNOWN","","false","UNKNOWN","false","","false","0","false","","false","","","false","true","","","false","","","false","1","16.7","ROLE|FOOT|PHOTO|SPORTING|CONTRACT","A"
"cmtr8zr3z0081v7yn9mil4xei","Sherzod Fayziev","372599","https://www.transfermarkt.com/sherzod-fayziev/profil/spieler/372599","true","Mash'al","13649","Uzbekistan Super League","UZ1","","UNKNOWN","","false","UNKNOWN","false","","false","0","false","","false","","","false","true","","","false","","","false","1","16.7","ROLE|FOOT|PHOTO|SPORTING|CONTRACT","A"
"cmtr8zqk20002v7ynoh03gcr4","Sherzod Nasrullaev","608537","https://www.transfermarkt.com/sherzod-nasrullaev/profil/spieler/608537","true","Pakhtakor Tashkent","3718","Uzbekistan Super League","UZ1","Defender - Left-Back","FB","[""Centre-Back"",""Left Midfield""]","true","LEFT","true","https://img.a.transfermarkt.technology/portrait/header/608537-1743416705.png?lm=4711","true","0","false","","false","2027-12-31T00:00:00.000Z","","true","true","1998-07-23T00:00:00.000Z","28","true","2026-09-08T13:41:59.689Z","2026-09-08T13:42:00.113Z","true","5","83.3","SPORTING","C"
"cmtr8zr8h00alv7ynvqwcjhad","Sherzodbek Abdulboriev","1079575","https://www.transfermarkt.com/sherzodbek-abdulboriev/profil/spieler/1079575","true","Loko Tashkent","15309","Uzbekistan Super League","UZ1","","UNKNOWN","","false","UNKNOWN","false","","false","1","true","2026-09-07T18:57:33.056Z","true","","","false","true","","","false","","","false","2","33.3","ROLE|FOOT|PHOTO|CONTRACT","A"
"cmtr8zr70009rv7ynf2x3kx72","Shirinboy Abdullaev","494110","https://www.transfermarkt.com/shirinboy-abdullaev/profil/spieler/494110","true","FC Buxoro","20151","Uzbekistan Super League","UZ1","","GK","","false","UNKNOWN","false","","false","0","false","","false","","","false","true","","","false","","","false","1","16.7","ROLE|FOOT|PHOTO|SPORTING|CONTRACT","A"
"cmtr8zr7n00a4v7ynhkk5aiin","Shodiyor Shodiboev","1079577","https://www.transfermarkt.com/shodiyor-shodiboev/profil/spieler/1079577","true","Loko Tashkent","15309","Uzbekistan Super League","UZ1","","UNKNOWN","","false","UNKNOWN","false","","false","2","true","2026-09-07T18:57:38.259Z","true","","","false","true","","","false","","","false","2","33.3","ROLE|FOOT|PHOTO|CONTRACT","A"
"cmtr8zr0i006kv7ynwrnnivb7","Shokhmalik Komilov","660020","https://www.transfermarkt.com/shokhmalik-komilov/profil/spieler/660020","true","FC Andijon","20099","Uzbekistan Super League","UZ1","","UNKNOWN","","false","UNKNOWN","false","","false","0","false","","false","","","false","true","","","false","","","false","1","16.7","ROLE|FOOT|PHOTO|SPORTING|CONTRACT","A"
"cmtr8zqvv003uv7yn1g3yvsk5","Shokhrukh Abdurakhmonov","661557","https://www.transfermarkt.com/shokhrukh-abdurakhmonov/profil/spieler/661557","true","Navbahor","15310","Uzbekistan Super League","UZ1","Midfield - Central Midfield","UNKNOWN","[""Attacking Midfield"",""Right Winger""]","true","RIGHT","true","","false","0","false","","false","2026-12-31T00:00:00.000Z","","true","true","1999-03-08T00:00:00.000Z","","true","","","false","4","66.7","PHOTO|SPORTING","C"
"cmtr8zr2o007cv7yn38gptj0c","Shokhrukh Gadoev","212463","https://www.transfermarkt.com/shokhrukh-gadoev/profil/spieler/212463","true","Kokand 1912","53299","Uzbekistan Super League","UZ1","","MF","","false","UNKNOWN","false","","false","0","false","","false","","","false","true","","","false","","","false","1","16.7","ROLE|FOOT|PHOTO|SPORTING|CONTRACT","A"
"cmtr8zqwz004iv7ynryt8n9b8","Shokhrukh Isokov","756906","https://www.transfermarkt.com/shokhrukh-isokov/profil/spieler/756906","true","Sogdiana","35157","Uzbekistan Super League","UZ1","Goalkeeper","GK","","true","UNKNOWN","false","","false","0","false","","false","","","false","true","","","false","","","false","2","33.3","FOOT|PHOTO|SPORTING|CONTRACT","A"
"cmtr8zr2z007iv7yn1cox2n2z","Shokhrukh Makhmudkhozhiev","503498","https://www.transfermarkt.com/shokhrukh-makhmudkhozhiev/profil/spieler/503498","true","Kokand 1912","53299","Uzbekistan Super League","UZ1","","FW","","false","UNKNOWN","false","","false","0","false","","false","","","false","true","","","false","","","false","1","16.7","ROLE|FOOT|PHOTO|SPORTING|CONTRACT","A"
"cmtr8zqx2004kv7ynkdsys05f","Shokhzhakhon Sultonmurodov","661768","https://www.transfermarkt.com/shokhzhakhon-sultonmurodov/profil/spieler/661768","true","Sogdiana","35157","Uzbekistan Super League","UZ1","","UNKNOWN","","false","UNKNOWN","false","","false","0","false","","false","","","false","true","","","false","","","false","1","16.7","ROLE|FOOT|PHOTO|SPORTING|CONTRACT","A"
"cmtr8zr0y006uv7ynasj4d0j4","Shokhzhakhon Yorkinboev","1004459","https://www.transfermarkt.com/shokhzhakhon-yorkinboev/profil/spieler/1004459","true","FC Andijon","20099","Uzbekistan Super League","UZ1","","UNKNOWN","","false","UNKNOWN","false","","false","2","true","2026-09-07T18:55:21.873Z","true","","","false","true","","","false","","","false","2","33.3","ROLE|FOOT|PHOTO|CONTRACT","A"
"cmtr8zr2x007hv7ynpq73yird","Shota Gvazava","364369","https://www.transfermarkt.com/shota-gvazava/profil/spieler/364369","true","Kokand 1912","53299","Uzbekistan Super League","UZ1","","UNKNOWN","","false","UNKNOWN","false","","false","0","false","","false","","","false","true","","","false","","","false","1","16.7","ROLE|FOOT|PHOTO|SPORTING|CONTRACT","A"
"cmtr8zr8100acv7ynzku82euw","Shukhrat Mukhammadiev","325617","https://www.transfermarkt.com/shukhrat-mukhammadiev/profil/spieler/325617","true","Loko Tashkent","15309","Uzbekistan Super League","UZ1","","DF","","false","UNKNOWN","false","","false","0","false","","false","","","false","true","","","false","","","false","1","16.7","ROLE|FOOT|PHOTO|SPORTING|CONTRACT","A"
"cmtr8zqw40040v7ynt4mzsuws","Shukron Yuldashev","743837","https://www.transfermarkt.com/shukron-yuldashev/profil/spieler/743837","true","Navbahor","15310","Uzbekistan Super League","UZ1","Goalkeeper","GK","","true","UNKNOWN","false","","false","0","false","","false","2026-12-31T00:00:00.000Z","","true","true","2002-04-21T00:00:00.000Z","","true","","","false","3","50.0","FOOT|PHOTO|SPORTING","A"
"cmtr8zque0034v7ynao2isnow","Siavash Haghnazari","306360","https://www.transfermarkt.com/siavash-haghnazari/profil/spieler/306360","true","Olmaliq","31216","Uzbekistan Super League","UZ1","Midfield - Attacking Midfield","UNKNOWN","[""Left Winger"",""Right Winger""]","true","BOTH","false","","false","0","false","","false","2026-12-31T00:00:00.000Z","","true","true","1995-08-03T00:00:00.000Z","","true","","","false","3","50.0","FOOT|PHOTO|SPORTING","A"
"cmtr8zqzk0062v7yn2mslfi2y","Sirojiddin Solijonov","1244774","https://www.transfermarkt.com/sirojiddin-solijonov/profil/spieler/1244774","true","Surkhon","65036","Uzbekistan Super League","UZ1","","UNKNOWN","","false","UNKNOWN","false","","false","2","true","2026-09-07T19:07:02.481Z","true","","","false","true","","","false","","","false","2","33.3","ROLE|FOOT|PHOTO|CONTRACT","A"
"cmtr8zql0000fv7yn3yg0l74i","Stephen Chinedu","702082","https://www.transfermarkt.com/stephen-chinedu/profil/spieler/702082","true","Pakhtakor Tashkent","3718","Uzbekistan Super League","UZ1","Attack - Centre-Forward","ST","[""Right Winger"",""Left Winger""]","true","RIGHT","true","https://img.a.transfermarkt.technology/portrait/header/702082-1777789242.png?lm=4711","true","0","false","","false","2026-12-31T00:00:00.000Z","","true","true","2000-01-06T00:00:00.000Z","26","true","2026-09-08T13:43:24.334Z","2026-09-08T13:43:24.400Z","true","5","83.3","SPORTING","C"
"cmtqan49l000y5rynnbblc2lr","Stipe Perica","245072","https://www.transfermarkt.com/stipe-perica/profil/spieler/245072","true","Neftchi","13306","Uzbekistan Super League","UZ1","Attack - Centre-Forward","ST","","true","RIGHT","true","https://img.a.transfermarkt.technology/portrait/header/245072-1777786615.png?lm=4711","true","0","false","","false","2026-12-31T00:00:00.000Z","","true","true","1995-07-07T00:00:00.000Z","31","true","2026-09-08T13:39:48.036Z","2026-09-08T13:39:48.190Z","true","5","83.3","SPORTING","C"
"cmtr8zr420083v7yn900jasgk","Strahinja Bosnjak","374798","https://www.transfermarkt.com/strahinja-bosnjak/profil/spieler/374798","true","Mash'al","13649","Uzbekistan Super League","UZ1","","UNKNOWN","","false","UNKNOWN","false","","false","0","false","","false","","","false","true","","","false","","","false","1","16.7","ROLE|FOOT|PHOTO|SPORTING|CONTRACT","A"
"cmtr8zr4x008mv7ynscgad4rf","Sukhrob Izzatov","519898","https://www.transfermarkt.com/sukhrob-izzatov/profil/spieler/519898","true","Xorazm FС","38976","Uzbekistan Super League","UZ1","Midfield - Attacking Midfield","AM","[""Central Midfield"",""Left-Back""]","true","UNKNOWN","false","https://img.a.transfermarkt.technology/portrait/header/519898-1745329229.png?lm=4711","true","0","false","","false","2026-12-31T00:00:00.000Z","","true","true","1999-02-15T00:00:00.000Z","27","true","2026-09-09T01:11:54.870Z","","true","4","66.7","FOOT|SPORTING","C"
"cmtr8zr7j00a2v7ynntvxhxeo","Sukhrob Nurullaev","355876","https://www.transfermarkt.com/sukhrob-nurullaev/profil/spieler/355876","true","Loko Tashkent","15309","Uzbekistan Super League","UZ1","","UNKNOWN","","false","UNKNOWN","false","","false","0","false","","false","","","false","true","","","false","","","false","1","16.7","ROLE|FOOT|PHOTO|SPORTING|CONTRACT","A"
"cmtr8zr3h007rv7ynwecqvqzb","Sukhrobjon Parmonkulov","1405282","https://www.transfermarkt.com/sukhrobjon-parmonkulov/profil/spieler/1405282","true","Mash'al","13649","Uzbekistan Super League","UZ1","","UNKNOWN","","false","UNKNOWN","false","","false","1","true","2026-09-07T19:18:58.052Z","true","","","false","true","","","false","","","false","2","33.3","ROLE|FOOT|PHOTO|CONTRACT","A"
"cmtr8zqyv005mv7ynufnuiq46","Sunnatilla Abdullajonov","696545","https://www.transfermarkt.com/sunnatilla-abdullajonov/profil/spieler/696545","true","Surkhon","65036","Uzbekistan Super League","UZ1","","FW","","false","UNKNOWN","false","","false","0","false","","false","","","false","true","","","false","","","false","1","16.7","ROLE|FOOT|PHOTO|SPORTING|CONTRACT","A"
"cmtr8zr7u00a9v7ynx1pbxxur","Sunnatilla Poyonov","763058","https://www.transfermarkt.com/sunnatilla-poyonov/profil/spieler/763058","true","Loko Tashkent","15309","Uzbekistan Super League","UZ1","","UNKNOWN","","false","UNKNOWN","false","","false","0","false","","false","","","false","true","","","false","","","false","1","16.7","ROLE|FOOT|PHOTO|SPORTING|CONTRACT","A"
"cmtr8zr4o008gv7ynlescymdj","Sunnatillokh Khamidzhonov","630041","https://www.transfermarkt.com/sunnatillokh-khamidzhonov/profil/spieler/630041","true","Xorazm FС","38976","Uzbekistan Super League","UZ1","","UNKNOWN","","false","UNKNOWN","false","","false","0","false","","false","","","false","true","","","false","","","false","1","16.7","ROLE|FOOT|PHOTO|SPORTING|CONTRACT","A"
"cmtr8zr13006xv7yn9j03j2oh","Sylvanus Nimely","291744","https://www.transfermarkt.com/sylvanus-nimely/profil/spieler/291744","true","Kokand 1912","53299","Uzbekistan Super League","UZ1","","UNKNOWN","","false","UNKNOWN","false","","false","0","false","","false","","","false","true","","","false","","","false","1","16.7","ROLE|FOOT|PHOTO|SPORTING|CONTRACT","A"
"cmtr8zr5j008vv7yn2ci9rs8e","Temur Ismoilov","658915","https://www.transfermarkt.com/temur-ismoilov/profil/spieler/658915","true","Xorazm FС","38976","Uzbekistan Super League","UZ1","","UNKNOWN","","false","UNKNOWN","false","","false","0","false","","false","","","false","true","","","false","","","false","1","16.7","ROLE|FOOT|PHOTO|SPORTING|CONTRACT","A"
"cmtr8zr6c009cv7yntbl1brau","Temur Mamasidikov","754039","https://www.transfermarkt.com/temur-mamasidikov/profil/spieler/754039","true","FC Buxoro","20151","Uzbekistan Super League","UZ1","","UNKNOWN","","false","UNKNOWN","false","","false","0","false","","false","","","false","true","","","false","","","false","1","16.7","ROLE|FOOT|PHOTO|SPORTING|CONTRACT","A"
"cmtr8zr7c009yv7ynxarhhth3","Temurkhuzha Abdukholikov","180182","https://www.transfermarkt.com/temurkhuzha-abdukholikov/profil/spieler/180182","true","Loko Tashkent","15309","Uzbekistan Super League","UZ1","","FW","","false","UNKNOWN","false","","false","1","true","2026-09-07T19:21:08.596Z","true","2027-12-31T00:00:00.000Z","","true","true","","","false","","","false","3","50.0","ROLE|FOOT|PHOTO","A"
"cmtr8zqov001bv7ynn0ybcz29","Tigran Avanesyan","520064","https://www.transfermarkt.com/tigran-avanesyan/profil/spieler/520064","true","Dinamo","15300","Uzbekistan Super League","UZ1","Midfield - Defensive Midfield","DM","[""Central Midfield"",""Centre-Back""]","true","RIGHT","true","https://img.a.transfermarkt.technology/portrait/header/520064-1777137698.png?lm=4711","true","0","false","","false","2026-12-31T00:00:00.000Z","Option to buy","true","true","2002-04-13T00:00:00.000Z","24","true","2026-09-08T13:47:43.077Z","2026-09-08T13:47:44.007Z","true","5","83.3","SPORTING","C"
"cmtr8zr450085v7ynsnhbn005","Tokhir Tukhtasinov","763053","https://www.transfermarkt.com/tokhir-tukhtasinov/profil/spieler/763053","true","Mash'al","13649","Uzbekistan Super League","UZ1","","UNKNOWN","","false","UNKNOWN","false","","false","0","false","","false","","","false","true","","","false","","","false","1","16.7","ROLE|FOOT|PHOTO|SPORTING|CONTRACT","A"
"cmtr8zqz6005tv7ynxeop0ges","Tokhirjon Ashurboev","1472841","https://www.transfermarkt.com/tokhirjon-ashurboev/profil/spieler/1472841","true","Surkhon","65036","Uzbekistan Super League","UZ1","","UNKNOWN","","false","UNKNOWN","false","","false","1","true","2026-09-07T19:20:07.171Z","true","","","false","true","","","false","","","false","2","33.3","ROLE|FOOT|PHOTO|CONTRACT","A"
"cmtr8zr260073v7ynj9zlqkj5","Toma Tabatadze","183687","https://www.transfermarkt.com/toma-tabatadze/profil/spieler/183687","true","Kokand 1912","53299","Uzbekistan Super League","UZ1","","UNKNOWN","","false","UNKNOWN","false","","false","1","true","2026-09-07T19:21:14.279Z","true","","","false","true","","","false","","","false","2","33.3","ROLE|FOOT|PHOTO|CONTRACT","A"
"cmtr8zqz2005qv7ynfhpf715p","Tornike Dzebniauri","504175","https://www.transfermarkt.com/tornike-dzebniauri/profil/spieler/504175","true","Surkhon","65036","Uzbekistan Super League","UZ1","","UNKNOWN","","false","UNKNOWN","false","","false","0","false","","false","","","false","true","","","false","","","false","1","16.7","ROLE|FOOT|PHOTO|SPORTING|CONTRACT","A"
"cmtr8zqqp001sv7yn3a4mk5gf","Ulugbek Abdullaev","658822","https://www.transfermarkt.com/ulugbek-abdullaev/profil/spieler/658822","true","Dinamo","15300","Uzbekistan Super League","UZ1","Defender - Right-Back","FB","[""Left-Back""]","true","UNKNOWN","false","https://img.a.transfermarkt.technology/portrait/header/658822-1745339037.png?lm=4711","true","0","false","","false","2026-12-31T00:00:00.000Z","","true","true","1998-02-22T00:00:00.000Z","28","true","2026-09-08T13:49:47.966Z","2026-09-08T13:49:48.378Z","true","4","66.7","FOOT|SPORTING","C"
"cmtr8zr4z008nv7yntrckbnbc","Ulugbek Khoshimov","629998","https://www.transfermarkt.com/ulugbek-khoshimov/profil/spieler/629998","true","Xorazm FС","38976","Uzbekistan Super League","UZ1","","UNKNOWN","","false","UNKNOWN","false","","false","0","false","","false","","","false","true","","","false","","","false","1","16.7","ROLE|FOOT|PHOTO|SPORTING|CONTRACT","A"
"cmtr8zqvq003rv7yndayrqcpk","Umar Adkhamzoda","661084","https://www.transfermarkt.com/umar-adkhamzoda/profil/spieler/661084","true","Navbahor","15310","Uzbekistan Super League","UZ1","Defender - Left-Back","FW","[""Right Winger"",""Left Winger""]","true","LEFT","true","","false","0","false","","false","2026-12-31T00:00:00.000Z","","true","true","1998-04-04T00:00:00.000Z","","true","","","false","4","66.7","PHOTO|SPORTING","C"
"cmtr8zqm8000rv7ynciqmel0t","Umar Eshmurodov","493725","https://www.transfermarkt.com/umar-eshmurodov/profil/spieler/493725","true","Nasaf Qarshi","20591","Uzbekistan Super League","UZ1","Defender - Centre-Back","CB","[""Defensive Midfield""]","true","RIGHT","true","https://img.a.transfermarkt.technology/portrait/header/493725-1743416751.png?lm=4711","true","0","false","","false","2026-12-31T00:00:00.000Z","","true","true","1992-11-30T00:00:00.000Z","33","true","2026-09-08T13:45:02.111Z","2026-09-08T13:45:02.204Z","true","5","83.3","SPORTING","C"
"cmtr8zr56008rv7yn0kjypee3","Umid Ergashev","487325","https://www.transfermarkt.com/umid-ergashev/profil/spieler/487325","true","Xorazm FС","38976","Uzbekistan Super League","UZ1","Goalkeeper","GK","","true","UNKNOWN","false","","false","0","false","","false","","","false","true","","","false","","","false","2","33.3","FOOT|PHOTO|SPORTING|CONTRACT","A"
"cmtr8zr650098v7ynjkgijqmu","Umid Khamroev","562021","https://www.transfermarkt.com/umid-khamroev/profil/spieler/562021","true","FC Buxoro","20151","Uzbekistan Super League","UZ1","","GK","","false","UNKNOWN","false","","false","0","false","","false","","","false","true","","","false","","","false","1","16.7","ROLE|FOOT|PHOTO|SPORTING|CONTRACT","A"
"cmtr8zr5s0090v7ynn75f02au","Umid Sultonov","837433","https://www.transfermarkt.com/umid-sultonov/profil/spieler/837433","true","Xorazm FС","38976","Uzbekistan Super League","UZ1","","UNKNOWN","","false","UNKNOWN","false","","false","0","false","","false","","","false","true","","","false","","","false","1","16.7","ROLE|FOOT|PHOTO|SPORTING|CONTRACT","A"
"cmtr8zqzw0067v7ynao5zq4di","Umidbek Kuvondikov","1522794","https://www.transfermarkt.com/umidbek-kuvondikov/profil/spieler/1522794","true","Surkhon","65036","Uzbekistan Super League","UZ1","","UNKNOWN","","false","UNKNOWN","false","","false","1","true","2026-09-07T19:20:25.855Z","true","","","false","true","","","false","","","false","2","33.3","ROLE|FOOT|PHOTO|CONTRACT","A"
"cmtr8zqua0032v7yn504odd1x","Uros Kojic","845855","https://www.transfermarkt.com/uros-kojic/profil/spieler/845855","true","Olmaliq","31216","Uzbekistan Super League","UZ1","Attack - Centre-Forward","UNKNOWN","","true","LEFT","true","","false","0","false","","false","2027-12-31T00:00:00.000Z","","true","true","2003-06-10T00:00:00.000Z","","true","","","false","4","66.7","PHOTO|SPORTING","C"
"cmtr8zr0g006jv7ynycmpnrvh","Usmonali Ismonaliev","658914","https://www.transfermarkt.com/usmonali-ismonaliev/profil/spieler/658914","true","FC Andijon","20099","Uzbekistan Super League","UZ1","","UNKNOWN","","false","UNKNOWN","false","","false","0","false","","false","","","false","true","","","false","","","false","1","16.7","ROLE|FOOT|PHOTO|SPORTING|CONTRACT","A"
"cmtr8zqve003mv7yn52hr0g63","Utkir Yusupov","311958","https://www.transfermarkt.com/utkir-yusupov/profil/spieler/311958","true","Navbahor","15310","Uzbekistan Super League","UZ1","Goalkeeper","GK","","true","RIGHT","true","","false","0","false","","false","2026-12-31T00:00:00.000Z","","true","true","1991-01-04T00:00:00.000Z","","true","","","false","4","66.7","PHOTO|SPORTING","C"
"cmtr8zqw2003zv7ynhqj3e1md","Valizhon Rakhimov","754022","https://www.transfermarkt.com/valizhon-rakhimov/profil/spieler/754022","true","Navbahor","15310","Uzbekistan Super League","UZ1","Goalkeeper","GK","","true","RIGHT","true","","false","0","false","","false","2026-12-31T00:00:00.000Z","","true","true","1995-02-16T00:00:00.000Z","","true","","","false","4","66.7","PHOTO|SPORTING","C"
"cmtr8zqva003kv7yn8rzlfkvj","Vanja Ilic","599478","https://www.transfermarkt.com/vanja-ilic/profil/spieler/599478","true","Navbahor","15310","Uzbekistan Super League","UZ1","Attack - Right Winger","UNKNOWN","[""Left Winger"",""Attacking Midfield""]","true","LEFT","true","","false","0","false","","false","2026-12-31T00:00:00.000Z","","true","true","1999-01-03T00:00:00.000Z","","true","","","false","4","66.7","PHOTO|SPORTING","C"
"cmtr8zr69009av7ynn8my83qo","Veljko Filipovic","569949","https://www.transfermarkt.com/veljko-filipovic/profil/spieler/569949","true","FC Buxoro","20151","Uzbekistan Super League","UZ1","","UNKNOWN","","false","UNKNOWN","false","","false","0","false","","false","","","false","true","","","false","","","false","1","16.7","ROLE|FOOT|PHOTO|SPORTING|CONTRACT","A"
"cmtqan49g000u5rynwfgd8hgc","Vladimir Jovovic","246827","https://www.transfermarkt.com/vladimir-jovovic/profil/spieler/246827","true","Neftchi","13306","Uzbekistan Super League","UZ1","Attack - Left Winger","WINGER","[""Right Winger"",""Attacking Midfield""]","true","RIGHT","true","https://img.a.transfermarkt.technology/portrait/header/246827-1745331900.png?lm=4711","true","0","false","","false","2026-12-31T00:00:00.000Z","","true","true","1994-10-26T00:00:00.000Z","31","true","2026-09-08T13:39:35.924Z","2026-09-08T13:39:36.025Z","true","5","83.3","SPORTING","C"
"cmtr8zqkt000dv7yn21ncwk54","Vladimir Nazarov","888630","https://www.transfermarkt.com/vladimir-nazarov/profil/spieler/888630","true","Pakhtakor Tashkent","3718","Uzbekistan Super League","UZ1","Goalkeeper","GK","","true","RIGHT","true","https://img.a.transfermarkt.technology/portrait/header/888630-1745332356.png?lm=4711","true","0","false","","false","2028-12-31T00:00:00.000Z","","true","true","2002-06-08T00:00:00.000Z","24","true","2026-09-08T13:43:11.403Z","2026-09-08T13:43:11.842Z","true","5","83.3","SPORTING","C"
"cmtr8zr6i009gv7ynph6wmqv2","Vladimir Rodic","283917","https://www.transfermarkt.com/vladimir-rodic/profil/spieler/283917","true","FC Buxoro","20151","Uzbekistan Super League","UZ1","","UNKNOWN","","false","UNKNOWN","false","","false","0","false","","false","","","false","true","","","false","","","false","1","16.7","ROLE|FOOT|PHOTO|SPORTING|CONTRACT","A"
"cmtr8zr4a0088v7yn5uo3o0n5","Vladislav Rusanov","685866","https://www.transfermarkt.com/vladislav-rusanov/profil/spieler/685866","true","Mash'al","13649","Uzbekistan Super League","UZ1","","GK","","false","UNKNOWN","false","","false","0","false","","false","","","false","true","","","false","","","false","1","16.7","ROLE|FOOT|PHOTO|SPORTING|CONTRACT","A"
"cmtr8zr3d007pv7ynugknhiz9","Vlatko Stojanovski","345041","https://www.transfermarkt.com/vlatko-stojanovski/profil/spieler/345041","true","Mash'al","13649","Uzbekistan Super League","UZ1","","UNKNOWN","","false","UNKNOWN","false","","false","0","false","","false","","","false","true","","","false","","","false","1","16.7","ROLE|FOOT|PHOTO|SPORTING|CONTRACT","A"
"cmtr671gv00ct33yn6sbcdgr6","Yahyo To'xtashev","seed:UZ1-2026-NEFTCHIF-024","seed://uz1/UZ1-2026-NEFTCHIF-024","false","Neftchi","13306","Uzbekistan Super League","UZ1","Midfielder","MF","","true","UNKNOWN","false","","false","0","false","","false","","","false","true","","","false","","","false","2","33.3","FOOT|PHOTO|SPORTING|CONTRACT","A"
"cmtr671h300d933ynciawl3l0","Yahyo Zuhriddinov","seed:UZ1-2026-NEFTCHIF-034","seed://uz1/UZ1-2026-NEFTCHIF-034","false","Neftchi","13306","Uzbekistan Super League","UZ1","Forward","FW","","true","UNKNOWN","false","","false","0","false","","false","","","false","true","2008-08-13T00:00:00.000Z","","true","","","false","2","33.3","FOOT|PHOTO|SPORTING|CONTRACT","A"
"cmtr671gt00cr33ynjju6fciu","Yahyoxon Isaqov","seed:UZ1-2026-NEFTCHIF-022","seed://uz1/UZ1-2026-NEFTCHIF-022","false","Neftchi","13306","Uzbekistan Super League","UZ1","Midfielder","MF","","true","UNKNOWN","false","","false","0","false","","false","","","false","true","2007-05-15T00:00:00.000Z","","true","","","false","2","33.3","FOOT|PHOTO|SPORTING|CONTRACT","A"
"cmtr8zqo20015v7ynyaza8vx6","Yashnarbek Berdirakhmonov","1513083","https://www.transfermarkt.com/yashnarbek-berdirakhmonov/profil/spieler/1513083","true","Nasaf Qarshi","20591","Uzbekistan Super League","UZ1","Midfield - Central Midfield","CM","","true","UNKNOWN","false","https://img.a.transfermarkt.technology/portrait/header/1513083-1777786923.png?lm=4711","true","1","true","2026-09-07T19:20:21.329Z","true","2028-12-31T00:00:00.000Z","","true","true","2006-07-24T00:00:00.000Z","20","true","2026-09-08T13:47:03.748Z","2026-09-08T13:47:03.824Z","true","5","83.3","FOOT","C"
"cmtr8zr2m007bv7yn9rbnjnac","Yegor Kondratyuk","668301","https://www.transfermarkt.com/yegor-kondratyuk/profil/spieler/668301","true","Kokand 1912","53299","Uzbekistan Super League","UZ1","","UNKNOWN","","false","UNKNOWN","false","","false","0","false","","false","","","false","true","","","false","","","false","1","16.7","ROLE|FOOT|PHOTO|SPORTING|CONTRACT","A"
"cmtr8zqn6000yv7yn8kj5x6jp","Yusuf Otubanjo","131710","https://www.transfermarkt.com/yusuf-otubanjo/profil/spieler/131710","true","Nasaf Qarshi","20591","Uzbekistan Super League","UZ1","Attack - Centre-Forward","ST","[""Attacking Midfield"",""Left Winger""]","true","RIGHT","true","https://img.a.transfermarkt.technology/portrait/header/131710-1759064221.png?lm=4711","true","2","true","2026-09-07T19:08:14.364Z","true","2027-12-31T00:00:00.000Z","","true","true","1992-09-12T00:00:00.000Z","33","true","2026-09-08T13:46:06.527Z","2026-09-08T13:46:06.627Z","true","6","100.0","","D"
"cmtr8zqwp004cv7ynu9zq8nln","Zabikhillo Urinboev","189642","https://www.transfermarkt.com/zabikhillo-urinboev/profil/spieler/189642","true","Sogdiana","35157","Uzbekistan Super League","UZ1","","UNKNOWN","","false","UNKNOWN","false","","false","1","true","2026-09-07T19:21:54.671Z","true","","","false","true","","","false","","","false","2","33.3","ROLE|FOOT|PHOTO|CONTRACT","A"
"cmtr8zr3q007wv7ynphl1vhrg","Zafar Akromov","745390","https://www.transfermarkt.com/zafar-akromov/profil/spieler/745390","true","Mash'al","13649","Uzbekistan Super League","UZ1","","MF","","false","UNKNOWN","false","","false","0","false","","false","","","false","true","","","false","","","false","1","16.7","ROLE|FOOT|PHOTO|SPORTING|CONTRACT","A"
"cmtr8zr2i0079v7yn3i78cj35","Zafar Khakimov","989031","https://www.transfermarkt.com/zafar-khakimov/profil/spieler/989031","true","Kokand 1912","53299","Uzbekistan Super League","UZ1","","UNKNOWN","","false","UNKNOWN","false","","false","0","false","","false","","","false","true","","","false","","","false","1","16.7","ROLE|FOOT|PHOTO|SPORTING|CONTRACT","A"
"cmtr8zqom0019v7yn9uupnv3a","Zafar Sadullaev","1523786","https://www.transfermarkt.com/zafar-sadullaev/profil/spieler/1523786","true","Nasaf Qarshi","20591","Uzbekistan Super League","UZ1","Midfield - Central Midfield","CM","","true","UNKNOWN","false","https://img.a.transfermarkt.technology/portrait/header/default.jpg?lm=4711","true","1","true","2026-09-07T19:20:43.236Z","true","","","false","true","2006-02-24T00:00:00.000Z","20","true","2026-09-08T13:47:29.042Z","2026-09-08T13:47:29.106Z","true","4","66.7","FOOT|CONTRACT","C"
"cmtr8zqw50041v7ynbiwsr85v","Zafarbek Rakhimzhonov","1198061","https://www.transfermarkt.com/zafarbek-rakhimzhonov/profil/spieler/1198061","true","Navbahor","15310","Uzbekistan Super League","UZ1","Defender - Right-Back","UNKNOWN","","true","RIGHT","true","","false","2","true","2026-09-07T19:06:19.494Z","true","2026-12-31T00:00:00.000Z","","true","true","2004-11-07T00:00:00.000Z","","true","","","false","5","83.3","PHOTO","C"
"cmtr8zqm0000pv7yn4nxdlm56","Zafarmurod Abdirakhmatov","989049","https://www.transfermarkt.com/zafarmurod-abdirakhmatov/profil/spieler/989049","true","Nasaf Qarshi","20591","Uzbekistan Super League","UZ1","Defender - Right-Back","FB","[""Left-Back"",""Right Midfield""]","true","RIGHT","true","https://img.a.transfermarkt.technology/portrait/header/989049-1743416839.png?lm=4711","true","0","false","","false","2027-12-31T00:00:00.000Z","","true","true","2003-04-28T00:00:00.000Z","23","true","2026-09-08T13:44:47.935Z","2026-09-08T13:44:48.034Z","true","5","83.3","SPORTING","C"
"cmtr8zqkf0008v7yn4q6ojzu1","Zaid Tahseen","931147","https://www.transfermarkt.com/zaid-tahseen/profil/spieler/931147","true","Pakhtakor Tashkent","3718","Uzbekistan Super League","UZ1","Defender - Centre-Back","CB","[""Left-Back""]","true","RIGHT","true","https://img.a.transfermarkt.technology/portrait/header/931147-1759064522.png?lm=4711","true","0","false","","false","2026-12-31T00:00:00.000Z","","true","true","2001-01-29T00:00:00.000Z","25","true","2026-09-08T13:42:38.800Z","2026-09-08T13:42:38.869Z","true","5","83.3","SPORTING","C"
"cmtr671k000kp33ynsxssn6nw","Zhasur Khasanov","127745","https://www.transfermarkt.com/-/profil/spieler/127745","true","Loko Tashkent","15309","Uzbekistan Super League","UZ1","Right Midfield","MF","","true","UNKNOWN","false","","false","0","false","","false","","","false","true","1989-07-24T00:00:00.000Z","","true","","","false","2","33.3","FOOT|PHOTO|SPORTING|CONTRACT","A"
"cmtr8zqwf0046v7ynzjskgxoz","Zoir Dzhuraboev","513883","https://www.transfermarkt.com/zoir-dzhuraboev/profil/spieler/513883","true","Sogdiana","35157","Uzbekistan Super League","UZ1","Defender - Centre-Back","CB","[""Left-Back"",""Right-Back""]","true","LEFT","true","https://img.a.transfermarkt.technology/portrait/header/513883-1745328868.png?lm=4711","true","0","false","","false","2026-12-31T00:00:00.000Z","","true","true","1998-09-16T00:00:00.000Z","27","true","2026-09-08T23:28:47.425Z","","true","5","83.3","SPORTING","C"
"cmtqan49i000w5ryncrt47kbm","Zoran Marusic","220780","https://www.transfermarkt.com/zoran-marusic/profil/spieler/220780","true","Neftchi","13306","Uzbekistan Super League","UZ1","Attack - Centre-Forward","ST","[""Attacking Midfield"",""Defensive Midfield""]","true","RIGHT","true","https://img.a.transfermarkt.technology/portrait/header/220780-1777786658.png?lm=4711","true","0","false","","false","2026-12-31T00:00:00.000Z","","true","true","1993-11-29T00:00:00.000Z","32","true","2026-09-08T13:39:43.502Z","2026-09-08T13:39:43.701Z","true","5","83.3","SPORTING","C"
